transaction_id,product_id,store_id,quantity,price,total_amount,timestamp
51503,180,15,9,59.7,537.3,2025-04-24 21:56:55
51504,198,8,8,214.92,1719.36,2025-04-19 14:37:14
51505,189,15,5,443.83,2219.15,2025-04-22 04:25:50
51506,124,6,3,184.45,553.35,2025-04-22 16:08:51
51507,117,1,4,153.51,614.04,2025-04-21 10:19:39
51508,101,3,4,188.52,754.08,2025-04-19 11:09:42
51509,158,8,7,99.6,697.2,2025-04-26 15:26:16
51510,180,4,8,59.7,477.6,2025-04-21 05:19:02
51511,126,11,5,393.02,1965.1,2025-04-27 21:48:25
51512,120,3,7,147.03,1029.21,2025-04-21 11:34:13
51513,185,14,7,156.87,1098.09,2025-04-22 00:22:24
51514,159,17,8,24.52,196.16,2025-04-25 15:14:27
51515,143,4,6,19.13,114.78,2025-04-23 04:16:35
51516,150,10,8,94.06,752.48,2025-04-19 02:09:55
51517,176,13,6,365.05,2190.3,2025-04-20 10:41:54
51518,122,5,2,71.47,142.94,2025-04-19 06:05:11
51519,132,10,5,86.92,434.6,2025-04-22 12:35:03
51520,171,4,8,386.58,3092.64,2025-04-19 10:29:31
51521,171,17,8,386.58,3092.64,2025-04-18 12:49:35
51522,189,14,2,443.83,887.66,2025-04-27 11:34:25
51523,197,5,5,262.32,1311.6,2025-04-26 16:04:50
51524,113,17,1,416.56,416.56,2025-04-22 05:02:01
51525,190,11,9,237.16,2134.44,2025-04-27 15:43:33
51526,144,4,8,454.84,3638.72,2025-04-27 01:14:09
51527,145,2,6,130.87,785.22,2025-04-26 03:54:57
51528,140,2,2,221.2,442.4,2025-04-27 08:46:54
51529,197,3,3,262.32,786.96,2025-04-25 05:45:07
51530,170,1,4,493.47,1973.88,2025-04-19 22:14:29
51531,139,1,9,342.75,3084.75,2025-04-19 14:55:24
51532,124,10,9,184.45,1660.05,2025-04-27 23:42:50
51533,168,2,5,401.49,2007.45,2025-04-22 16:43:01
51534,198,7,5,214.92,1074.6,2025-04-26 19:39:34
51535,149,3,7,274.26,1919.82,2025-04-23 00:03:00
51536,153,5,7,469.87,3289.09,2025-04-18 22:17:35
51537,129,9,3,297.02,891.06,2025-04-21 23:03:34
51538,180,11,2,59.7,119.4,2025-04-22 14:25:00
51539,183,12,3,166.79,500.37,2025-04-20 10:27:22
51540,185,18,3,156.87,470.61,2025-04-23 20:41:02
51541,191,4,4,61.56,246.24,2025-04-18 12:21:33
51542,162,14,2,137.13,274.26,2025-04-20 20:12:24
51543,159,13,7,24.52,171.64,2025-04-24 00:05:09
51544,162,19,5,137.13,685.65,2025-04-26 10:57:55
51545,192,11,4,357.2,1428.8,2025-04-24 18:05:10
51546,167,16,6,72.18,433.08,2025-04-20 21:15:39
51547,196,15,7,247.91,1735.37,2025-04-18 02:38:38
51548,121,11,4,306.7,1226.8,2025-04-19 02:28:50
51549,144,15,5,454.84,2274.2,2025-04-19 08:49:32
51550,122,8,6,71.47,428.82,2025-04-20 16:09:17
51551,172,19,9,100.96,908.64,2025-04-21 16:28:04
51552,109,4,7,301.36,2109.52,2025-04-22 01:27:44
51553,101,2,2,188.52,377.04,2025-04-18 11:32:22
51554,126,20,9,393.02,3537.18,2025-04-18 12:57:33
51555,122,2,3,71.47,214.41,2025-04-23 15:31:02
51556,106,15,8,79.69,637.52,2025-04-21 15:41:13
51557,174,15,1,408.1,408.1,2025-04-20 21:56:44
51558,177,11,9,386.09,3474.81,2025-04-21 21:24:18
51559,164,12,6,179.66,1077.96,2025-04-22 12:45:59
51560,126,18,3,393.02,1179.06,2025-04-23 12:38:49
51561,168,14,9,401.49,3613.41,2025-04-26 06:45:21
51562,175,2,9,354.01,3186.09,2025-04-24 06:15:33
51563,185,17,5,156.87,784.35,2025-04-24 03:19:54
51564,114,17,7,107.74,754.18,2025-04-19 07:33:38
51565,160,19,6,164.01,984.06,2025-04-18 23:53:05
51566,183,18,9,166.79,1501.11,2025-04-21 18:14:56
51567,185,13,6,156.87,941.22,2025-04-27 21:30:37
51568,110,7,5,354.62,1773.1,2025-04-23 14:33:39
51569,106,20,8,79.69,637.52,2025-04-21 16:25:36
51570,109,13,8,301.36,2410.88,2025-04-19 11:18:19
51571,157,17,2,46.07,92.14,2025-04-24 01:16:20
51572,131,10,9,304.56,2741.04,2025-04-22 01:00:51
51573,159,3,9,24.52,220.68,2025-04-18 10:20:33
51574,163,7,6,414.71,2488.26,2025-04-18 10:01:14
51575,157,7,1,46.07,46.07,2025-04-25 03:56:36
51576,128,11,1,258.09,258.09,2025-04-26 01:37:59
51577,134,4,9,474.54,4270.86,2025-04-23 05:19:16
51578,165,1,9,141.91,1277.19,2025-04-19 12:25:37
51579,145,7,4,130.87,523.48,2025-04-26 23:01:58
51580,132,18,1,86.92,86.92,2025-04-19 10:13:43
51581,105,11,7,79.7,557.9,2025-04-27 08:12:35
51582,152,15,7,388.02,2716.14,2025-04-21 05:07:42
51583,191,9,8,61.56,492.48,2025-04-21 22:59:25
51584,166,20,6,272.26,1633.56,2025-04-24 04:38:29
51585,135,19,1,482.88,482.88,2025-04-26 10:54:21
51586,105,6,1,79.7,79.7,2025-04-23 23:10:31
51587,138,12,1,50.64,50.64,2025-04-23 02:26:13
51588,170,12,8,493.47,3947.76,2025-04-23 03:00:45
51589,183,15,1,166.79,166.79,2025-04-22 22:14:40
51590,139,12,7,342.75,2399.25,2025-04-23 15:46:59
51591,103,20,8,366.53,2932.24,2025-04-22 18:39:20
51592,119,12,4,217.11,868.44,2025-04-18 04:40:27
51593,174,1,8,408.1,3264.8,2025-04-21 08:10:44
51594,141,16,9,62.78,565.02,2025-04-19 02:59:11
51595,151,19,4,484.85,1939.4,2025-04-22 04:39:03
51596,106,11,1,79.69,79.69,2025-04-21 02:31:26
51597,112,8,2,485.02,970.04,2025-04-27 00:23:07
51598,179,9,7,180.52,1263.64,2025-04-26 17:59:06
51599,113,5,3,416.56,1249.68,2025-04-24 07:42:14
51600,180,7,3,59.7,179.1,2025-04-23 23:56:22
51601,198,20,1,214.92,214.92,2025-04-20 16:24:31
51602,157,7,2,46.07,92.14,2025-04-24 14:01:23
51603,168,4,5,401.49,2007.45,2025-04-27 17:58:30
51604,107,14,7,30.93,216.51,2025-04-23 19:30:54
51605,199,2,3,14.66,43.98,2025-04-20 07:17:30
51606,159,5,1,24.52,24.52,2025-04-18 13:00:23
51607,149,11,2,274.26,548.52,2025-04-22 19:59:20
51608,200,13,7,55.73,390.11,2025-04-23 06:29:49
51609,148,3,2,260.99,521.98,2025-04-25 05:45:54
51610,167,15,9,72.18,649.62,2025-04-25 18:35:12
51611,191,17,1,61.56,61.56,2025-04-21 19:55:37
51612,156,13,9,461.09,4149.81,2025-04-26 05:52:48
51613,182,4,7,312.4,2186.8,2025-04-20 10:48:30
51614,130,15,6,25.13,150.78,2025-04-23 18:05:53
51615,122,19,1,71.47,71.47,2025-04-25 00:48:23
51616,148,20,2,260.99,521.98,2025-04-19 22:28:10
51617,155,3,6,299.75,1798.5,2025-04-22 10:31:50
51618,189,7,6,443.83,2662.98,2025-04-22 05:11:19
51619,122,4,7,71.47,500.29,2025-04-22 03:47:30
51620,160,20,9,164.01,1476.09,2025-04-20 01:36:55
51621,101,12,1,188.52,188.52,2025-04-23 01:07:05
51622,111,3,7,12.25,85.75,2025-04-24 03:26:10
51623,118,13,9,263.33,2369.97,2025-04-22 17:52:00
51624,148,18,9,260.99,2348.91,2025-04-26 12:17:30
51625,129,20,7,297.02,2079.14,2025-04-25 07:15:28
51626,174,13,7,408.1,2856.7,2025-04-25 02:04:02
51627,111,2,8,12.25,98,2025-04-23 05:09:55
51628,185,15,3,156.87,470.61,2025-04-23 15:17:39
51629,102,20,9,475.46,4279.14,2025-04-28 00:13:51
51630,166,11,3,272.26,816.78,2025-04-22 19:29:25
51631,161,17,8,195.56,1564.48,2025-04-21 19:07:09
51632,134,9,8,474.54,3796.32,2025-04-27 14:17:09
51633,136,4,3,404.58,1213.74,2025-04-22 15:00:02
51634,156,12,9,461.09,4149.81,2025-04-23 08:37:54
51635,113,2,6,416.56,2499.36,2025-04-23 11:47:13
51636,137,19,5,153.7,768.5,2025-04-24 18:53:23
51637,167,11,5,72.18,360.9,2025-04-26 16:55:06
51638,193,15,3,380.87,1142.61,2025-04-24 20:03:37
51639,115,3,4,92.55,370.2,2025-04-26 01:33:28
51640,108,3,2,433.36,866.72,2025-04-20 16:07:41
51641,126,4,8,393.02,3144.16,2025-04-22 20:53:04
51642,120,12,6,147.03,882.18,2025-04-27 14:26:32
51643,149,17,7,274.26,1919.82,2025-04-20 19:38:34
51644,191,20,1,61.56,61.56,2025-04-21 00:19:16
51645,132,8,9,86.92,782.28,2025-04-27 10:38:16
51646,157,7,7,46.07,322.49,2025-04-27 20:25:25
51647,133,2,5,34.4,172,2025-04-25 17:45:47
51648,192,10,2,357.2,714.4,2025-04-25 01:51:27
51649,132,10,7,86.92,608.44,2025-04-24 22:20:20
51650,199,1,9,14.66,131.94,2025-04-22 22:02:31
51651,177,17,8,386.09,3088.72,2025-04-22 19:50:03
51652,145,15,8,130.87,1046.96,2025-04-23 15:11:54
51653,119,9,3,217.11,651.33,2025-04-27 08:57:28
51654,101,10,4,188.52,754.08,2025-04-25 05:52:51
51655,174,8,2,408.1,816.2,2025-04-20 21:45:03
51656,154,16,6,447.62,2685.72,2025-04-23 18:18:56
51657,197,1,5,262.32,1311.6,2025-04-23 11:02:49
51658,200,1,5,55.73,278.65,2025-04-26 23:39:50
51659,155,1,3,299.75,899.25,2025-04-21 23:22:09
51660,109,18,4,301.36,1205.44,2025-04-21 11:30:49
51661,111,18,6,12.25,73.5,2025-04-25 18:13:00
51662,114,20,8,107.74,861.92,2025-04-19 11:50:08
51663,175,11,8,354.01,2832.08,2025-04-18 10:46:38
51664,102,16,4,475.46,1901.84,2025-04-27 13:57:24
51665,195,15,3,385.94,1157.82,2025-04-18 19:38:54
51666,180,18,4,59.7,238.8,2025-04-27 06:26:37
51667,103,5,3,366.53,1099.59,2025-04-24 14:06:52
51668,154,9,4,447.62,1790.48,2025-04-25 12:02:33
51669,138,4,4,50.64,202.56,2025-04-20 04:02:17
51670,137,4,6,153.7,922.2,2025-04-26 07:23:23
51671,105,12,4,79.7,318.8,2025-04-20 17:45:11
51672,138,19,3,50.64,151.92,2025-04-23 15:33:56
51673,193,7,3,380.87,1142.61,2025-04-20 17:52:13
51674,140,6,6,221.2,1327.2,2025-04-19 02:53:44
51675,129,7,3,297.02,891.06,2025-04-25 10:29:42
51676,166,2,5,272.26,1361.3,2025-04-20 10:06:32
51677,135,17,2,482.88,965.76,2025-04-18 12:51:54
51678,108,15,8,433.36,3466.88,2025-04-27 01:55:32
51679,110,3,5,354.62,1773.1,2025-04-20 06:50:33
51680,176,10,3,365.05,1095.15,2025-04-20 08:33:43
51681,133,11,2,34.4,68.8,2025-04-19 00:43:44
51682,149,10,1,274.26,274.26,2025-04-21 07:57:06
51683,126,3,7,393.02,2751.14,2025-04-22 18:03:29
51684,110,11,3,354.62,1063.86,2025-04-24 20:10:02
51685,178,5,6,38.87,233.22,2025-04-19 09:40:24
51686,104,19,4,300.13,1200.52,2025-04-27 16:09:57
51687,125,2,6,229.12,1374.72,2025-04-27 19:22:47
51688,199,1,6,14.66,87.96,2025-04-19 14:35:14
51689,106,1,1,79.69,79.69,2025-04-24 13:22:32
51690,184,10,6,33.65,201.9,2025-04-26 20:02:12
51691,139,3,6,342.75,2056.5,2025-04-22 18:50:57
51692,110,20,1,354.62,354.62,2025-04-24 12:48:38
51693,149,14,5,274.26,1371.3,2025-04-25 14:06:00
51694,179,11,3,180.52,541.56,2025-04-20 21:37:12
51695,104,19,3,300.13,900.39,2025-04-20 21:10:51
51696,106,7,3,79.69,239.07,2025-04-18 14:52:49
51697,129,5,8,297.02,2376.16,2025-04-25 17:10:31
51698,181,17,7,431.83,3022.81,2025-04-24 13:13:59
51699,157,7,7,46.07,322.49,2025-04-20 08:24:51
51700,184,7,8,33.65,269.2,2025-04-25 09:57:58
51701,153,4,4,469.87,1879.48,2025-04-26 12:45:40
51702,181,14,2,431.83,863.66,2025-04-18 09:37:58
51703,191,7,5,61.56,307.8,2025-04-27 05:50:03
51704,113,17,3,416.56,1249.68,2025-04-22 04:58:25
51705,141,4,5,62.78,313.9,2025-04-26 09:42:23
51706,173,6,5,4.75,23.75,2025-04-27 08:49:22
51707,133,12,1,34.4,34.4,2025-04-18 09:24:10
51708,157,1,8,46.07,368.56,2025-04-26 09:22:12
51709,160,9,3,164.01,492.03,2025-04-25 21:47:30
51710,141,15,2,62.78,125.56,2025-04-19 21:23:46
51711,139,12,4,342.75,1371,2025-04-25 12:26:31
51712,181,20,7,431.83,3022.81,2025-04-26 18:01:52
51713,194,11,3,281.52,844.56,2025-04-20 22:09:12
51714,123,8,4,147.49,589.96,2025-04-18 09:40:23
51715,112,17,9,485.02,4365.18,2025-04-21 00:17:43
51716,122,13,3,71.47,214.41,2025-04-24 01:20:57
51717,103,18,8,366.53,2932.24,2025-04-27 07:30:37
51718,166,19,1,272.26,272.26,2025-04-21 09:05:29
51719,154,9,5,447.62,2238.1,2025-04-22 13:43:30
51720,146,18,3,331.94,995.82,2025-04-24 10:35:46
51721,200,5,5,55.73,278.65,2025-04-23 06:31:04
51722,152,20,7,388.02,2716.14,2025-04-26 22:06:13
51723,188,20,3,319.5,958.5,2025-04-19 08:53:21
51724,108,2,4,433.36,1733.44,2025-04-23 01:41:32
51725,187,4,1,365.34,365.34,2025-04-20 18:09:44
51726,120,18,4,147.03,588.12,2025-04-26 02:47:48
51727,186,12,7,163.94,1147.58,2025-04-21 08:02:44
51728,148,6,2,260.99,521.98,2025-04-25 08:09:00
51729,110,7,1,354.62,354.62,2025-04-24 12:16:11
51730,113,20,7,416.56,2915.92,2025-04-25 05:08:41
51731,189,16,2,443.83,887.66,2025-04-18 04:03:41
51732,109,1,5,301.36,1506.8,2025-04-21 09:35:17
51733,163,6,3,414.71,1244.13,2025-04-20 23:29:13
51734,109,3,7,301.36,2109.52,2025-04-24 18:32:15
51735,136,14,8,404.58,3236.64,2025-04-19 23:02:24
51736,105,13,8,79.7,637.6,2025-04-24 03:18:37
51737,131,11,6,304.56,1827.36,2025-04-24 09:58:32
51738,168,16,7,401.49,2810.43,2025-04-22 01:59:56
51739,133,9,1,34.4,34.4,2025-04-22 07:19:48
51740,155,11,4,299.75,1199,2025-04-21 07:23:01
51741,120,4,7,147.03,1029.21,2025-04-22 00:52:52
51742,169,5,8,39.13,313.04,2025-04-18 23:34:25
51743,103,1,1,366.53,366.53,2025-04-27 20:17:09
51744,152,8,4,388.02,1552.08,2025-04-22 19:16:13
51745,170,7,7,493.47,3454.29,2025-04-27 09:16:46
51746,162,2,8,137.13,1097.04,2025-04-18 02:19:14
51747,121,6,1,306.7,306.7,2025-04-21 20:44:21
51748,174,4,6,408.1,2448.6,2025-04-22 11:53:52
51749,133,12,3,34.4,103.2,2025-04-20 16:45:36
51750,136,12,7,404.58,2832.06,2025-04-21 07:47:29
51751,174,10,3,408.1,1224.3,2025-04-23 20:28:19
51752,144,9,4,454.84,1819.36,2025-04-23 18:10:19
51753,117,20,6,153.51,921.06,2025-04-20 15:27:14
51754,142,4,1,248.6,248.6,2025-04-21 14:58:26
51755,131,8,7,304.56,2131.92,2025-04-20 09:23:38
51756,139,2,4,342.75,1371,2025-04-24 16:57:00
51757,164,19,7,179.66,1257.62,2025-04-22 16:22:34
51758,132,1,9,86.92,782.28,2025-04-19 15:00:48
51759,172,20,4,100.96,403.84,2025-04-24 21:20:20
51760,134,7,1,474.54,474.54,2025-04-27 06:13:36
51761,161,4,7,195.56,1368.92,2025-04-26 21:45:13
51762,105,3,9,79.7,717.3,2025-04-25 17:26:35
51763,135,17,9,482.88,4345.92,2025-04-24 22:21:03
51764,153,1,5,469.87,2349.35,2025-04-24 09:58:19
51765,149,5,6,274.26,1645.56,2025-04-27 10:26:02
51766,168,8,1,401.49,401.49,2025-04-21 16:53:30
51767,148,8,5,260.99,1304.95,2025-04-20 05:41:06
51768,182,20,7,312.4,2186.8,2025-04-27 14:26:52
51769,172,1,2,100.96,201.92,2025-04-22 19:26:42
51770,144,7,8,454.84,3638.72,2025-04-22 13:52:34
51771,138,17,6,50.64,303.84,2025-04-27 22:00:08
51772,122,19,3,71.47,214.41,2025-04-21 18:21:04
51773,190,11,4,237.16,948.64,2025-04-25 01:08:49
51774,171,14,5,386.58,1932.9,2025-04-27 03:45:09
51775,146,2,6,331.94,1991.64,2025-04-25 14:26:43
51776,102,9,1,475.46,475.46,2025-04-26 01:09:36
51777,176,6,1,365.05,365.05,2025-04-26 06:49:34
51778,122,15,7,71.47,500.29,2025-04-25 15:31:39
51779,187,17,4,365.34,1461.36,2025-04-24 19:57:48
51780,178,17,7,38.87,272.09,2025-04-23 23:40:36
51781,168,1,5,401.49,2007.45,2025-04-25 21:39:01
51782,139,7,7,342.75,2399.25,2025-04-23 06:48:10
51783,179,1,3,180.52,541.56,2025-04-23 07:26:34
51784,184,11,7,33.65,235.55,2025-04-21 15:30:35
51785,181,2,4,431.83,1727.32,2025-04-27 04:49:12
51786,181,7,1,431.83,431.83,2025-04-19 03:36:41
51787,134,1,3,474.54,1423.62,2025-04-26 07:35:13
51788,192,15,5,357.2,1786,2025-04-27 01:22:28
51789,102,11,5,475.46,2377.3,2025-04-20 01:11:56
51790,144,19,8,454.84,3638.72,2025-04-23 09:28:47
51791,127,5,6,101.44,608.64,2025-04-19 16:10:13
51792,195,17,4,385.94,1543.76,2025-04-26 13:45:28
51793,152,14,9,388.02,3492.18,2025-04-22 10:43:23
51794,173,12,1,4.75,4.75,2025-04-24 19:57:08
51795,118,15,1,263.33,263.33,2025-04-25 04:44:30
51796,180,12,1,59.7,59.7,2025-04-22 22:00:00
51797,143,15,2,19.13,38.26,2025-04-27 00:24:53
51798,160,10,7,164.01,1148.07,2025-04-22 11:35:50
51799,172,17,9,100.96,908.64,2025-04-18 14:02:02
51800,103,3,6,366.53,2199.18,2025-04-19 08:20:52
51801,143,20,3,19.13,57.39,2025-04-22 04:22:59
51802,183,14,9,166.79,1501.11,2025-04-23 16:01:12
51803,160,1,5,164.01,820.05,2025-04-23 14:47:33
51804,199,12,4,14.66,58.64,2025-04-24 18:08:44
51805,167,13,9,72.18,649.62,2025-04-21 02:38:31
51806,197,13,9,262.32,2360.88,2025-04-18 05:54:22
51807,200,14,6,55.73,334.38,2025-04-20 13:45:04
51808,108,4,7,433.36,3033.52,2025-04-18 01:24:18
51809,176,4,2,365.05,730.1,2025-04-20 04:58:39
51810,198,14,9,214.92,1934.28,2025-04-18 18:12:30
51811,141,3,5,62.78,313.9,2025-04-22 06:22:07
51812,101,19,2,188.52,377.04,2025-04-25 00:46:25
51813,113,17,7,416.56,2915.92,2025-04-23 10:33:38
51814,101,12,7,188.52,1319.64,2025-04-18 15:08:33
51815,180,16,7,59.7,417.9,2025-04-26 23:17:37
51816,193,5,5,380.87,1904.35,2025-04-27 21:21:15
51817,127,9,6,101.44,608.64,2025-04-22 17:58:42
51818,164,15,3,179.66,538.98,2025-04-20 21:34:59
51819,148,1,9,260.99,2348.91,2025-04-19 19:52:36
51820,195,13,4,385.94,1543.76,2025-04-19 09:11:03
51821,101,7,8,188.52,1508.16,2025-04-24 10:38:50
51822,148,11,1,260.99,260.99,2025-04-25 07:42:39
51823,192,9,3,357.2,1071.6,2025-04-27 15:59:21
51824,134,13,9,474.54,4270.86,2025-04-21 18:33:07
51825,171,12,6,386.58,2319.48,2025-04-26 22:36:05
51826,183,2,3,166.79,500.37,2025-04-22 12:19:49
51827,141,9,3,62.78,188.34,2025-04-27 04:47:20
51828,190,7,7,237.16,1660.12,2025-04-21 19:16:49
51829,138,14,4,50.64,202.56,2025-04-18 19:56:28
51830,109,5,8,301.36,2410.88,2025-04-27 16:04:33
51831,131,16,2,304.56,609.12,2025-04-26 18:34:27
51832,178,6,4,38.87,155.48,2025-04-19 08:35:56
51833,199,5,3,14.66,43.98,2025-04-26 15:09:00
51834,146,11,5,331.94,1659.7,2025-04-19 05:09:12
51835,186,15,6,163.94,983.64,2025-04-27 22:57:52
51836,172,13,4,100.96,403.84,2025-04-21 23:00:55
51837,164,15,6,179.66,1077.96,2025-04-19 07:14:40
51838,156,3,1,461.09,461.09,2025-04-27 19:34:30
51839,105,13,8,79.7,637.6,2025-04-26 09:02:18
51840,200,11,6,55.73,334.38,2025-04-25 14:09:52
51841,112,16,8,485.02,3880.16,2025-04-27 19:31:08
51842,164,11,8,179.66,1437.28,2025-04-22 15:48:08
51843,107,9,2,30.93,61.86,2025-04-25 05:15:50
51844,127,20,3,101.44,304.32,2025-04-22 06:28:19
51845,156,4,3,461.09,1383.27,2025-04-21 19:42:27
51846,187,6,1,365.34,365.34,2025-04-20 07:48:02
51847,196,18,4,247.91,991.64,2025-04-22 15:13:53
51848,150,18,2,94.06,188.12,2025-04-19 13:54:37
51849,192,13,6,357.2,2143.2,2025-04-19 21:55:00
51850,176,15,6,365.05,2190.3,2025-04-26 18:43:52
51851,104,14,2,300.13,600.26,2025-04-25 16:23:56
51852,179,17,2,180.52,361.04,2025-04-18 08:24:48
51853,188,12,7,319.5,2236.5,2025-04-24 15:07:43
51854,127,13,3,101.44,304.32,2025-04-24 04:15:46
51855,136,3,2,404.58,809.16,2025-04-27 09:22:42
51856,142,20,8,248.6,1988.8,2025-04-26 22:03:04
51857,180,8,7,59.7,417.9,2025-04-20 10:26:28
51858,148,10,3,260.99,782.97,2025-04-18 16:49:52
51859,140,13,9,221.2,1990.8,2025-04-23 23:13:40
51860,120,5,1,147.03,147.03,2025-04-22 11:49:38
51861,143,8,9,19.13,172.17,2025-04-24 17:58:01
51862,168,7,1,401.49,401.49,2025-04-26 18:00:44
51863,187,12,8,365.34,2922.72,2025-04-20 11:25:03
51864,163,7,7,414.71,2902.97,2025-04-18 11:17:53
51865,163,19,3,414.71,1244.13,2025-04-22 10:01:56
51866,117,11,7,153.51,1074.57,2025-04-23 10:13:25
51867,175,14,5,354.01,1770.05,2025-04-25 13:44:02
51868,170,6,3,493.47,1480.41,2025-04-25 18:56:11
51869,109,8,6,301.36,1808.16,2025-04-19 10:18:50
51870,200,6,9,55.73,501.57,2025-04-27 23:07:02
51871,136,1,7,404.58,2832.06,2025-04-20 08:52:48
51872,126,1,7,393.02,2751.14,2025-04-27 04:37:00
51873,138,6,9,50.64,455.76,2025-04-23 18:56:52
51874,159,10,8,24.52,196.16,2025-04-23 19:16:31
51875,136,9,9,404.58,3641.22,2025-04-25 18:05:26
51876,179,13,4,180.52,722.08,2025-04-26 05:05:35
51877,150,13,8,94.06,752.48,2025-04-20 09:32:18
51878,189,5,9,443.83,3994.47,2025-04-26 18:59:00
51879,133,10,3,34.4,103.2,2025-04-27 21:14:53
51880,197,3,5,262.32,1311.6,2025-04-23 05:46:53
51881,180,5,5,59.7,298.5,2025-04-22 03:56:09
51882,198,16,3,214.92,644.76,2025-04-20 18:43:05
51883,137,17,4,153.7,614.8,2025-04-23 14:17:37
51884,132,4,4,86.92,347.68,2025-04-23 22:40:53
51885,190,19,7,237.16,1660.12,2025-04-25 09:07:56
51886,134,5,7,474.54,3321.78,2025-04-19 18:42:48
51887,181,13,2,431.83,863.66,2025-04-24 19:34:53
51888,141,13,4,62.78,251.12,2025-04-23 14:05:07
51889,167,8,2,72.18,144.36,2025-04-18 11:56:00
51890,156,6,4,461.09,1844.36,2025-04-21 11:20:27
51891,154,8,9,447.62,4028.58,2025-04-24 11:04:38
51892,104,8,1,300.13,300.13,2025-04-21 20:09:30
51893,118,18,3,263.33,789.99,2025-04-23 06:33:09
51894,114,13,5,107.74,538.7,2025-04-24 23:47:43
51895,192,20,5,357.2,1786,2025-04-22 02:39:48
51896,121,4,5,306.7,1533.5,2025-04-21 00:39:16
51897,197,16,1,262.32,262.32,2025-04-19 20:48:44
51898,104,10,4,300.13,1200.52,2025-04-23 09:47:03
51899,105,10,5,79.7,398.5,2025-04-20 10:30:49
51900,104,1,8,300.13,2401.04,2025-04-20 06:45:50
51901,139,13,5,342.75,1713.75,2025-04-26 14:29:28
51902,128,20,7,258.09,1806.63,2025-04-19 11:19:32
51903,191,10,9,61.56,554.04,2025-04-22 15:48:26
51904,138,19,8,50.64,405.12,2025-04-18 14:30:40
51905,148,9,4,260.99,1043.96,2025-04-22 03:43:26
51906,105,13,7,79.7,557.9,2025-04-22 04:38:35
51907,190,4,9,237.16,2134.44,2025-04-23 07:52:45
51908,129,14,8,297.02,2376.16,2025-04-21 21:54:07
51909,158,5,7,99.6,697.2,2025-04-20 13:52:49
51910,157,11,7,46.07,322.49,2025-04-21 07:56:40
51911,116,17,7,93.34,653.38,2025-04-18 19:39:29
51912,138,14,2,50.64,101.28,2025-04-22 12:37:48
51913,121,5,2,306.7,613.4,2025-04-21 17:44:23
51914,166,9,3,272.26,816.78,2025-04-23 09:14:02
51915,181,20,3,431.83,1295.49,2025-04-26 07:44:20
51916,134,9,9,474.54,4270.86,2025-04-18 13:03:00
51917,168,8,8,401.49,3211.92,2025-04-21 19:12:06
51918,192,8,3,357.2,1071.6,2025-04-24 01:52:26
51919,190,6,2,237.16,474.32,2025-04-18 10:10:22
51920,108,18,5,433.36,2166.8,2025-04-18 18:08:58
51921,194,12,3,281.52,844.56,2025-04-26 01:47:51
51922,198,11,7,214.92,1504.44,2025-04-23 21:42:05
51923,136,20,6,404.58,2427.48,2025-04-24 17:49:46
51924,194,19,8,281.52,2252.16,2025-04-20 04:45:55
51925,116,13,8,93.34,746.72,2025-04-20 02:48:53
51926,140,12,3,221.2,663.6,2025-04-27 02:22:09
51927,175,19,4,354.01,1416.04,2025-04-21 01:26:47
51928,159,15,2,24.52,49.04,2025-04-27 02:50:23
51929,163,1,4,414.71,1658.84,2025-04-20 03:30:54
51930,172,3,7,100.96,706.72,2025-04-19 22:17:13
51931,145,9,5,130.87,654.35,2025-04-25 10:38:07
51932,168,2,7,401.49,2810.43,2025-04-25 11:55:56
51933,164,11,2,179.66,359.32,2025-04-25 13:43:14
51934,190,9,8,237.16,1897.28,2025-04-27 04:08:50
51935,162,10,3,137.13,411.39,2025-04-24 23:37:54
51936,150,11,4,94.06,376.24,2025-04-25 01:35:09
51937,191,10,4,61.56,246.24,2025-04-21 23:52:23
51938,145,15,8,130.87,1046.96,2025-04-20 10:07:14
51939,181,19,8,431.83,3454.64,2025-04-21 05:52:08
51940,114,8,5,107.74,538.7,2025-04-20 20:36:56
51941,191,18,6,61.56,369.36,2025-04-22 16:34:53
51942,103,20,9,366.53,3298.77,2025-04-24 12:22:28
51943,105,10,5,79.7,398.5,2025-04-21 02:42:09
51944,105,2,7,79.7,557.9,2025-04-21 14:59:45
51945,124,2,7,184.45,1291.15,2025-04-26 20:33:22
51946,190,14,2,237.16,474.32,2025-04-22 16:31:20
51947,142,5,3,248.6,745.8,2025-04-26 01:21:26
51948,180,15,2,59.7,119.4,2025-04-25 06:03:38
51949,124,4,9,184.45,1660.05,2025-04-25 15:28:20
51950,192,19,3,357.2,1071.6,2025-04-21 05:32:14
51951,164,20,1,179.66,179.66,2025-04-20 01:25:55
51952,101,16,8,188.52,1508.16,2025-04-21 03:46:57
51953,129,15,4,297.02,1188.08,2025-04-18 11:39:11
51954,161,20,5,195.56,977.8,2025-04-26 16:03:42
51955,188,19,7,319.5,2236.5,2025-04-25 10:34:55
51956,165,16,9,141.91,1277.19,2025-04-18 04:34:26
51957,145,5,3,130.87,392.61,2025-04-23 13:28:34
51958,140,5,8,221.2,1769.6,2025-04-23 20:50:56
51959,162,2,7,137.13,959.91,2025-04-25 05:29:03
51960,198,19,3,214.92,644.76,2025-04-20 23:31:39
51961,144,14,4,454.84,1819.36,2025-04-19 23:46:02
51962,112,10,7,485.02,3395.14,2025-04-20 07:53:09
51963,107,1,5,30.93,154.65,2025-04-23 17:25:51
51964,188,5,1,319.5,319.5,2025-04-20 11:39:23
51965,179,8,5,180.52,902.6,2025-04-23 12:50:08
51966,158,10,7,99.6,697.2,2025-04-27 11:06:46
51967,138,7,2,50.64,101.28,2025-04-21 09:41:48
51968,198,5,6,214.92,1289.52,2025-04-25 15:53:16
51969,134,14,5,474.54,2372.7,2025-04-22 21:57:01
51970,160,14,5,164.01,820.05,2025-04-25 06:20:07
51971,120,2,6,147.03,882.18,2025-04-25 10:11:02
51972,187,17,5,365.34,1826.7,2025-04-22 15:16:49
51973,136,7,5,404.58,2022.9,2025-04-25 08:32:48
51974,106,11,9,79.69,717.21,2025-04-21 13:12:13
51975,150,6,1,94.06,94.06,2025-04-19 10:16:17
51976,129,11,2,297.02,594.04,2025-04-23 11:51:09
51977,162,1,4,137.13,548.52,2025-04-19 20:51:10
51978,174,10,6,408.1,2448.6,2025-04-26 22:07:43
51979,195,10,4,385.94,1543.76,2025-04-27 22:21:32
51980,116,20,6,93.34,560.04,2025-04-27 14:25:05
51981,187,14,1,365.34,365.34,2025-04-23 06:25:40
51982,110,15,4,354.62,1418.48,2025-04-26 10:03:28
51983,171,12,9,386.58,3479.22,2025-04-18 18:31:14
51984,174,16,9,408.1,3672.9,2025-04-26 05:00:01
51985,190,10,2,237.16,474.32,2025-04-18 12:19:29
51986,119,2,1,217.11,217.11,2025-04-18 02:12:48
51987,184,1,4,33.65,134.6,2025-04-19 09:40:45
51988,142,1,1,248.6,248.6,2025-04-24 08:02:59
51989,187,13,9,365.34,3288.06,2025-04-18 16:59:37
51990,200,20,9,55.73,501.57,2025-04-19 12:55:42
51991,155,15,2,299.75,599.5,2025-04-20 05:10:26
51992,102,18,9,475.46,4279.14,2025-04-22 14:07:25
51993,168,20,7,401.49,2810.43,2025-04-18 15:11:21
51994,141,11,8,62.78,502.24,2025-04-24 09:44:10
51995,168,6,5,401.49,2007.45,2025-04-27 08:49:05
51996,173,6,9,4.75,42.75,2025-04-27 03:44:30
51997,198,1,6,214.92,1289.52,2025-04-24 14:54:34
51998,105,20,5,79.7,398.5,2025-04-18 04:27:25
51999,141,13,5,62.78,313.9,2025-04-23 08:24:44
52000,192,16,1,357.2,357.2,2025-04-22 03:24:09
99999,null,3,-5,20,-100,2025-04-28 00:40:53
99998,102,null,2,-50,100,2025-04-28 00:40:53
50001,101,1,3,15,45,2025-04-28 00:40:53
51002,119,12,5,217.11,1085.55,2025-04-24 18:40:31
51003,135,18,6,482.88,2897.28,2025-04-23 14:17:55
51004,108,3,1,433.36,433.36,2025-04-24 02:50:23
51005,138,11,6,50.64,303.84,2025-04-24 14:33:38
51006,172,14,5,100.96,504.8,2025-04-24 23:06:51
51007,187,13,4,365.34,1461.36,2025-04-18 07:37:47
51008,144,12,8,454.84,3638.72,2025-04-20 18:15:57
51009,159,19,6,24.52,147.12,2025-04-25 15:39:33
51010,120,8,6,147.03,882.18,2025-04-27 05:51:00
51011,193,1,9,380.87,3427.83,2025-04-21 12:55:36
51012,155,8,9,299.75,2697.75,2025-04-19 20:13:06
51013,185,9,7,156.87,1098.09,2025-04-19 11:03:41
51014,111,8,6,12.25,73.5,2025-04-24 14:26:37
51015,109,11,9,301.36,2712.24,2025-04-18 17:22:53
51016,126,6,2,393.02,786.04,2025-04-25 10:30:49
51017,171,2,3,386.58,1159.74,2025-04-27 17:54:56
51018,107,16,4,30.93,123.72,2025-04-18 22:42:10
51019,143,19,7,19.13,133.91,2025-04-23 07:59:49
51020,187,6,7,365.34,2557.38,2025-04-21 18:58:03
51021,172,2,8,100.96,807.68,2025-04-22 13:33:21
51022,186,2,6,163.94,983.64,2025-04-19 14:27:33
51023,193,15,7,380.87,2666.09,2025-04-21 03:28:26
51024,158,19,8,99.6,796.8,2025-04-21 06:31:58
51025,199,2,7,14.66,102.62,2025-04-27 10:37:08
51026,119,10,2,217.11,434.22,2025-04-23 23:46:29
51027,104,14,2,300.13,600.26,2025-04-26 20:40:59
51028,167,12,3,72.18,216.54,2025-04-19 14:01:13
51029,117,10,9,153.51,1381.59,2025-04-25 13:44:44
51030,107,3,2,30.93,61.86,2025-04-18 12:37:26
51031,189,11,9,443.83,3994.47,2025-04-18 20:15:38
51032,176,6,9,365.05,3285.45,2025-04-22 11:01:41
51033,123,3,3,147.49,442.47,2025-04-22 06:26:40
51034,135,4,8,482.88,3863.04,2025-04-24 02:22:45
51035,158,7,5,99.6,498,2025-04-22 04:05:06
51036,101,4,2,188.52,377.04,2025-04-20 04:25:03
51037,102,20,5,475.46,2377.3,2025-04-23 03:38:39
51038,157,6,3,46.07,138.21,2025-04-21 11:31:21
51039,172,8,2,100.96,201.92,2025-04-19 03:17:40
51040,129,16,5,297.02,1485.1,2025-04-24 19:27:12
51041,146,16,7,331.94,2323.58,2025-04-23 23:01:59
51042,137,18,6,153.7,922.2,2025-04-23 07:08:43
51043,120,19,1,147.03,147.03,2025-04-21 02:42:06
51044,167,8,6,72.18,433.08,2025-04-20 05:36:19
51045,170,4,3,493.47,1480.41,2025-04-27 20:56:53
51046,104,11,7,300.13,2100.91,2025-04-18 13:49:43
51047,177,13,6,386.09,2316.54,2025-04-20 01:44:33
51048,117,15,6,153.51,921.06,2025-04-27 11:33:32
51049,111,6,1,12.25,12.25,2025-04-25 16:50:41
51050,163,7,8,414.71,3317.68,2025-04-25 16:04:47
51051,106,14,4,79.69,318.76,2025-04-20 22:08:54
51052,168,19,7,401.49,2810.43,2025-04-19 05:28:38
51053,118,14,2,263.33,526.66,2025-04-23 00:03:12
51054,116,18,2,93.34,186.68,2025-04-22 08:02:17
51055,101,13,3,188.52,565.56,2025-04-19 07:41:08
51056,186,18,3,163.94,491.82,2025-04-23 08:30:03
51057,104,20,5,300.13,1500.65,2025-04-20 07:54:27
51058,113,9,8,416.56,3332.48,2025-04-23 14:46:29
51059,110,17,7,354.62,2482.34,2025-04-24 17:00:45
51060,154,7,3,447.62,1342.86,2025-04-21 13:40:52
51061,190,12,4,237.16,948.64,2025-04-21 23:58:41
51062,177,15,4,386.09,1544.36,2025-04-25 10:46:15
51063,185,3,5,156.87,784.35,2025-04-22 09:22:25
51064,164,8,6,179.66,1077.96,2025-04-22 15:01:19
51065,185,8,3,156.87,470.61,2025-04-18 19:22:05
51066,153,3,6,469.87,2819.22,2025-04-21 03:48:56
51067,131,19,7,304.56,2131.92,2025-04-22 07:42:33
51068,140,12,1,221.2,221.2,2025-04-22 01:44:33
51069,186,6,4,163.94,655.76,2025-04-24 10:18:54
51070,136,17,7,404.58,2832.06,2025-04-20 22:09:53
51071,179,11,4,180.52,722.08,2025-04-22 01:53:19
51072,180,9,4,59.7,238.8,2025-04-27 16:34:08
51073,114,6,2,107.74,215.48,2025-04-19 17:55:50
51074,183,17,5,166.79,833.95,2025-04-27 12:06:30
51075,186,4,9,163.94,1475.46,2025-04-22 15:06:15
51076,169,10,8,39.13,313.04,2025-04-24 22:11:15
51077,113,7,7,416.56,2915.92,2025-04-21 15:31:32
51078,152,7,9,388.02,3492.18,2025-04-22 09:29:30
51079,158,18,3,99.6,298.8,2025-04-19 02:05:17
51080,105,6,9,79.7,717.3,2025-04-22 09:14:36
51081,182,9,1,312.4,312.4,2025-04-22 00:47:20
51082,101,19,4,188.52,754.08,2025-04-18 19:33:23
51083,173,17,7,4.75,33.25,2025-04-26 17:36:25
51084,145,16,8,130.87,1046.96,2025-04-25 11:40:27
51085,193,10,4,380.87,1523.48,2025-04-20 05:51:30
51086,106,12,3,79.69,239.07,2025-04-25 19:40:09
51087,156,11,8,461.09,3688.72,2025-04-18 19:00:43
51088,108,2,4,433.36,1733.44,2025-04-24 08:39:18
51089,108,14,9,433.36,3900.24,2025-04-23 08:01:34
51090,180,8,6,59.7,358.2,2025-04-19 23:13:04
51091,135,1,5,482.88,2414.4,2025-04-25 18:58:33
51092,156,6,2,461.09,922.18,2025-04-21 12:56:42
51093,109,2,8,301.36,2410.88,2025-04-27 14:39:16
51094,136,13,1,404.58,404.58,2025-04-24 11:35:14
51095,153,15,9,469.87,4228.83,2025-04-19 12:07:36
51096,146,16,1,331.94,331.94,2025-04-19 01:21:15
51097,177,9,3,386.09,1158.27,2025-04-20 14:06:48
51098,173,7,1,4.75,4.75,2025-04-19 18:19:15
51099,120,9,1,147.03,147.03,2025-04-19 13:22:11
51100,139,5,4,342.75,1371,2025-04-25 14:52:39
51101,122,14,1,71.47,71.47,2025-04-18 18:45:57
51102,105,19,5,79.7,398.5,2025-04-27 12:59:28
51103,158,5,1,99.6,99.6,2025-04-24 07:23:19
51104,191,20,8,61.56,492.48,2025-04-22 16:01:47
51105,126,10,8,393.02,3144.16,2025-04-23 15:58:39
51106,173,6,7,4.75,33.25,2025-04-23 19:45:12
51107,167,4,8,72.18,577.44,2025-04-24 20:09:11
51108,184,11,6,33.65,201.9,2025-04-26 20:22:21
51109,177,13,5,386.09,1930.45,2025-04-24 10:59:56
51110,107,6,1,30.93,30.93,2025-04-27 21:26:55
51111,103,20,8,366.53,2932.24,2025-04-21 06:15:03
51112,110,10,4,354.62,1418.48,2025-04-27 17:42:52
51113,138,13,9,50.64,455.76,2025-04-21 04:33:16
51114,131,1,1,304.56,304.56,2025-04-22 10:13:27
51115,120,10,9,147.03,1323.27,2025-04-22 17:13:19
51116,127,1,1,101.44,101.44,2025-04-24 08:12:48
51117,134,17,4,474.54,1898.16,2025-04-25 23:48:00
51118,117,20,7,153.51,1074.57,2025-04-23 22:37:18
51119,141,5,7,62.78,439.46,2025-04-21 13:08:50
51120,179,4,1,180.52,180.52,2025-04-18 18:29:12
51121,138,15,9,50.64,455.76,2025-04-22 15:29:57
51122,183,4,8,166.79,1334.32,2025-04-18 09:42:24
51123,200,13,6,55.73,334.38,2025-04-21 17:10:41
51124,120,19,8,147.03,1176.24,2025-04-20 21:34:46
51125,160,15,2,164.01,328.02,2025-04-24 11:24:03
51126,174,17,3,408.1,1224.3,2025-04-27 19:14:58
51127,132,11,4,86.92,347.68,2025-04-18 22:21:08
51128,150,16,3,94.06,282.18,2025-04-23 23:15:36
51129,195,2,1,385.94,385.94,2025-04-21 20:57:24
51130,159,15,2,24.52,49.04,2025-04-23 19:57:36
51131,109,9,5,301.36,1506.8,2025-04-27 13:41:47
51132,128,12,5,258.09,1290.45,2025-04-25 10:01:19
51133,118,2,3,263.33,789.99,2025-04-18 10:31:35
51134,155,20,9,299.75,2697.75,2025-04-27 02:51:11
51135,197,11,5,262.32,1311.6,2025-04-23 17:52:43
51136,143,19,6,19.13,114.78,2025-04-19 21:51:30
51137,163,16,9,414.71,3732.39,2025-04-24 01:52:57
51138,112,18,6,485.02,2910.12,2025-04-23 01:00:33
51139,121,13,3,306.7,920.1,2025-04-27 14:32:04
51140,148,2,1,260.99,260.99,2025-04-22 12:48:23
51141,172,9,4,100.96,403.84,2025-04-26 03:18:47
51142,193,6,4,380.87,1523.48,2025-04-26 09:39:05
51143,180,6,5,59.7,298.5,2025-04-27 20:27:13
51144,101,1,8,188.52,1508.16,2025-04-18 20:55:12
51145,114,19,3,107.74,323.22,2025-04-24 11:45:05
51146,119,5,5,217.11,1085.55,2025-04-18 10:04:30
51147,105,4,4,79.7,318.8,2025-04-25 02:30:37
51148,195,15,2,385.94,771.88,2025-04-27 22:31:03
51149,172,12,5,100.96,504.8,2025-04-23 06:27:27
51150,138,4,6,50.64,303.84,2025-04-24 03:02:03
51151,127,20,7,101.44,710.08,2025-04-21 16:00:59
51152,193,5,4,380.87,1523.48,2025-04-27 04:59:09
51153,120,20,4,147.03,588.12,2025-04-21 21:39:39
51154,179,15,9,180.52,1624.68,2025-04-25 18:33:09
51155,168,13,7,401.49,2810.43,2025-04-24 19:36:59
51156,105,15,3,79.7,239.1,2025-04-18 13:14:55
51157,167,1,8,72.18,577.44,2025-04-24 08:05:38
51158,143,19,5,19.13,95.65,2025-04-21 08:59:49
51159,111,6,2,12.25,24.5,2025-04-21 07:48:24
51160,106,20,2,79.69,159.38,2025-04-23 14:35:32
51161,138,2,3,50.64,151.92,2025-04-21 21:27:23
51162,163,18,8,414.71,3317.68,2025-04-20 13:09:36
51163,157,20,7,46.07,322.49,2025-04-26 13:03:25
51164,127,3,1,101.44,101.44,2025-04-27 16:08:22
51165,113,5,9,416.56,3749.04,2025-04-24 01:19:45
51166,112,14,5,485.02,2425.1,2025-04-19 12:46:14
51167,151,6,9,484.85,4363.65,2025-04-18 20:14:29
51168,130,13,1,25.13,25.13,2025-04-24 15:56:52
51169,125,19,9,229.12,2062.08,2025-04-27 04:42:00
51170,133,10,5,34.4,172,2025-04-21 03:08:12
51171,106,16,2,79.69,159.38,2025-04-24 14:08:03
51172,184,7,3,33.65,100.95,2025-04-24 15:35:36
51173,121,3,9,306.7,2760.3,2025-04-19 07:37:46
51174,183,12,5,166.79,833.95,2025-04-25 02:48:04
51175,102,11,6,475.46,2852.76,2025-04-18 21:00:49
51176,135,14,8,482.88,3863.04,2025-04-23 14:49:20
51177,117,4,6,153.51,921.06,2025-04-24 11:07:10
51178,105,18,9,79.7,717.3,2025-04-21 07:30:55
51179,196,13,2,247.91,495.82,2025-04-19 07:21:05
51180,129,19,9,297.02,2673.18,2025-04-25 01:21:37
51181,193,19,9,380.87,3427.83,2025-04-27 11:59:13
51182,101,2,8,188.52,1508.16,2025-04-28 00:00:01
51183,185,19,2,156.87,313.74,2025-04-27 03:40:07
51184,102,17,9,475.46,4279.14,2025-04-18 23:06:35
51185,109,6,1,301.36,301.36,2025-04-24 17:35:26
51186,141,20,8,62.78,502.24,2025-04-23 02:43:06
51187,196,18,5,247.91,1239.55,2025-04-18 05:03:23
51188,155,12,6,299.75,1798.5,2025-04-21 02:48:32
51189,189,18,8,443.83,3550.64,2025-04-27 12:57:42
51190,145,1,8,130.87,1046.96,2025-04-21 10:41:48
51191,140,8,5,221.2,1106,2025-04-25 16:33:30
51192,169,14,9,39.13,352.17,2025-04-19 22:45:44
51193,196,13,9,247.91,2231.19,2025-04-28 00:40:31
51194,156,2,3,461.09,1383.27,2025-04-19 13:52:04
51195,112,11,3,485.02,1455.06,2025-04-20 23:40:16
51196,154,16,7,447.62,3133.34,2025-04-25 21:49:47
51197,140,16,5,221.2,1106,2025-04-23 02:31:35
51198,162,16,4,137.13,548.52,2025-04-23 10:13:33
51199,183,10,4,166.79,667.16,2025-04-25 09:57:20
51200,181,20,7,431.83,3022.81,2025-04-23 07:02:55
51201,190,1,1,237.16,237.16,2025-04-24 15:32:38
51202,183,16,1,166.79,166.79,2025-04-26 19:00:55
51203,183,1,7,166.79,1167.53,2025-04-24 05:00:31
51204,166,9,8,272.26,2178.08,2025-04-24 00:01:12
51205,189,2,9,443.83,3994.47,2025-04-19 13:42:06
51206,180,17,1,59.7,59.7,2025-04-19 20:05:02
51207,159,2,3,24.52,73.56,2025-04-24 22:57:50
51208,177,7,2,386.09,772.18,2025-04-24 06:37:07
51209,102,9,2,475.46,950.92,2025-04-27 01:19:06
51210,196,11,9,247.91,2231.19,2025-04-25 05:45:54
51211,182,20,7,312.4,2186.8,2025-04-18 11:10:02
51212,139,3,3,342.75,1028.25,2025-04-21 16:06:46
51213,103,11,2,366.53,733.06,2025-04-25 05:22:54
51214,184,16,1,33.65,33.65,2025-04-27 17:22:56
51215,120,14,8,147.03,1176.24,2025-04-24 03:13:26
51216,195,20,6,385.94,2315.64,2025-04-25 13:15:17
51217,145,1,7,130.87,916.09,2025-04-25 20:47:35
51218,193,3,6,380.87,2285.22,2025-04-20 08:50:30
51219,119,1,9,217.11,1953.99,2025-04-20 10:04:53
51220,109,1,5,301.36,1506.8,2025-04-27 16:25:27
51221,154,6,6,447.62,2685.72,2025-04-25 20:55:47
51222,177,11,4,386.09,1544.36,2025-04-27 01:38:05
51223,137,8,9,153.7,1383.3,2025-04-19 23:14:41
51224,151,13,3,484.85,1454.55,2025-04-24 19:28:29
51225,186,4,3,163.94,491.82,2025-04-23 17:34:54
51226,193,14,8,380.87,3046.96,2025-04-22 10:25:28
51227,128,14,4,258.09,1032.36,2025-04-25 17:20:46
51228,196,9,3,247.91,743.73,2025-04-25 19:25:51
51229,159,4,6,24.52,147.12,2025-04-23 01:22:43
51230,140,4,6,221.2,1327.2,2025-04-22 05:09:34
51231,143,14,3,19.13,57.39,2025-04-19 15:34:30
51232,157,14,3,46.07,138.21,2025-04-20 00:36:30
51233,172,20,7,100.96,706.72,2025-04-24 01:48:01
51234,148,1,9,260.99,2348.91,2025-04-26 18:12:05
51235,132,15,2,86.92,173.84,2025-04-18 13:12:15
51236,151,14,9,484.85,4363.65,2025-04-22 20:01:22
51237,193,17,2,380.87,761.74,2025-04-21 17:46:19
51238,180,12,5,59.7,298.5,2025-04-27 08:54:41
51239,152,18,1,388.02,388.02,2025-04-25 03:25:02
51240,171,11,2,386.58,773.16,2025-04-23 04:29:57
51241,159,5,4,24.52,98.08,2025-04-19 06:36:13
51242,187,9,1,365.34,365.34,2025-04-18 20:48:40
51243,161,19,2,195.56,391.12,2025-04-19 15:09:21
51244,105,16,3,79.7,239.1,2025-04-22 12:31:03
51245,117,14,2,153.51,307.02,2025-04-23 03:53:08
51246,121,8,5,306.7,1533.5,2025-04-26 08:07:56
51247,178,19,8,38.87,310.96,2025-04-18 22:41:32
51248,142,17,3,248.6,745.8,2025-04-27 03:12:08
51249,169,15,2,39.13,78.26,2025-04-26 04:41:23
51250,117,20,2,153.51,307.02,2025-04-26 20:59:32
51251,147,11,6,157.23,943.38,2025-04-27 07:59:39
51252,118,6,4,263.33,1053.32,2025-04-22 04:15:22
51253,182,7,1,312.4,312.4,2025-04-21 23:49:48
51254,195,14,7,385.94,2701.58,2025-04-21 18:25:54
51255,118,20,5,263.33,1316.65,2025-04-21 21:21:39
51256,184,10,6,33.65,201.9,2025-04-18 20:15:59
51257,155,7,7,299.75,2098.25,2025-04-20 06:34:13
51258,194,19,4,281.52,1126.08,2025-04-21 05:09:55
51259,130,1,7,25.13,175.91,2025-04-19 00:27:39
51260,101,17,6,188.52,1131.12,2025-04-25 04:12:36
51261,117,7,6,153.51,921.06,2025-04-21 09:09:02
51262,139,10,6,342.75,2056.5,2025-04-19 11:43:58
51263,159,15,8,24.52,196.16,2025-04-18 09:52:25
51264,177,4,5,386.09,1930.45,2025-04-27 04:51:22
51265,132,9,7,86.92,608.44,2025-04-22 18:04:13
51266,128,16,5,258.09,1290.45,2025-04-26 08:08:51
51267,176,11,6,365.05,2190.3,2025-04-25 14:48:10
51268,150,6,9,94.06,846.54,2025-04-22 17:16:03
51269,177,10,1,386.09,386.09,2025-04-24 04:21:52
51270,149,16,1,274.26,274.26,2025-04-27 02:05:12
51271,182,7,2,312.4,624.8,2025-04-18 05:14:31
51272,138,14,5,50.64,253.2,2025-04-20 04:26:17
51273,117,10,5,153.51,767.55,2025-04-19 12:33:56
51274,136,10,1,404.58,404.58,2025-04-27 10:20:07
51275,186,11,5,163.94,819.7,2025-04-24 02:48:44
51276,184,17,6,33.65,201.9,2025-04-22 06:15:44
51277,179,4,9,180.52,1624.68,2025-04-25 18:57:45
51278,185,1,2,156.87,313.74,2025-04-20 09:42:53
51279,168,15,1,401.49,401.49,2025-04-19 05:55:28
51280,116,9,4,93.34,373.36,2025-04-20 09:54:23
51281,184,15,2,33.65,67.3,2025-04-24 10:01:46
51282,103,12,7,366.53,2565.71,2025-04-24 06:09:20
51283,166,6,1,272.26,272.26,2025-04-18 15:45:17
51284,167,8,6,72.18,433.08,2025-04-26 09:29:10
51285,149,19,7,274.26,1919.82,2025-04-23 00:38:24
51286,167,6,3,72.18,216.54,2025-04-23 09:20:02
51287,131,17,2,304.56,609.12,2025-04-24 08:21:01
51288,109,12,7,301.36,2109.52,2025-04-23 18:41:33
51289,109,10,8,301.36,2410.88,2025-04-25 05:07:54
51290,194,8,3,281.52,844.56,2025-04-20 22:35:10
51291,153,8,8,469.87,3758.96,2025-04-18 01:03:23
51292,181,3,1,431.83,431.83,2025-04-21 13:21:25
51293,104,18,7,300.13,2100.91,2025-04-23 17:38:25
51294,101,4,7,188.52,1319.64,2025-04-19 21:38:11
51295,108,16,1,433.36,433.36,2025-04-24 17:03:09
51296,101,4,7,188.52,1319.64,2025-04-23 06:19:02
51297,184,12,3,33.65,100.95,2025-04-21 15:13:33
51298,119,3,5,217.11,1085.55,2025-04-27 13:29:52
51299,158,6,8,99.6,796.8,2025-04-23 11:15:38
51300,194,11,9,281.52,2533.68,2025-04-25 21:25:12
51301,156,1,1,461.09,461.09,2025-04-23 02:30:37
51302,143,5,2,19.13,38.26,2025-04-18 05:33:40
51303,147,12,5,157.23,786.15,2025-04-26 18:16:51
51304,178,9,9,38.87,349.83,2025-04-18 11:07:46
51305,183,7,7,166.79,1167.53,2025-04-21 21:31:58
51306,145,2,7,130.87,916.09,2025-04-21 18:16:26
51307,106,4,8,79.69,637.52,2025-04-25 12:02:14
51308,167,2,3,72.18,216.54,2025-04-21 14:23:02
51309,160,6,6,164.01,984.06,2025-04-18 16:53:44
51310,180,11,6,59.7,358.2,2025-04-20 10:33:05
51311,194,6,5,281.52,1407.6,2025-04-24 14:23:11
51312,147,16,3,157.23,471.69,2025-04-19 01:33:38
51313,177,18,2,386.09,772.18,2025-04-23 20:20:17
51314,130,11,2,25.13,50.26,2025-04-25 14:17:03
51315,197,19,6,262.32,1573.92,2025-04-19 08:41:58
51316,166,1,8,272.26,2178.08,2025-04-21 13:13:59
51317,132,11,9,86.92,782.28,2025-04-21 09:55:57
51318,104,18,5,300.13,1500.65,2025-04-24 10:57:08
51319,153,15,7,469.87,3289.09,2025-04-26 07:58:24
51320,188,8,4,319.5,1278,2025-04-24 21:00:18
51321,159,6,4,24.52,98.08,2025-04-27 20:04:40
51322,162,5,3,137.13,411.39,2025-04-22 19:31:43
51323,114,13,9,107.74,969.66,2025-04-19 20:25:41
51324,172,10,7,100.96,706.72,2025-04-19 09:02:45
51325,144,10,4,454.84,1819.36,2025-04-25 04:31:55
51326,139,4,3,342.75,1028.25,2025-04-27 11:08:47
51327,179,3,3,180.52,541.56,2025-04-18 09:33:26
51328,150,2,7,94.06,658.42,2025-04-20 01:03:47
51329,157,18,1,46.07,46.07,2025-04-25 22:32:51
51330,141,19,5,62.78,313.9,2025-04-26 21:16:15
51331,125,13,5,229.12,1145.6,2025-04-21 04:25:27
51332,143,6,3,19.13,57.39,2025-04-21 03:05:58
51333,136,20,5,404.58,2022.9,2025-04-22 00:15:18
51334,135,3,8,482.88,3863.04,2025-04-26 04:22:43
51335,122,5,4,71.47,285.88,2025-04-22 18:17:50
51336,104,7,3,300.13,900.39,2025-04-18 09:28:13
51337,135,11,3,482.88,1448.64,2025-04-24 11:56:15
51338,181,12,6,431.83,2590.98,2025-04-20 21:20:52
51339,161,7,6,195.56,1173.36,2025-04-26 15:35:40
51340,155,19,5,299.75,1498.75,2025-04-18 12:09:15
51341,153,20,8,469.87,3758.96,2025-04-24 14:03:24
51342,107,10,5,30.93,154.65,2025-04-20 18:15:12
51343,174,10,8,408.1,3264.8,2025-04-26 00:31:24
51344,124,6,3,184.45,553.35,2025-04-22 09:32:58
51345,160,6,4,164.01,656.04,2025-04-22 00:41:11
51346,146,12,6,331.94,1991.64,2025-04-22 10:13:05
51347,145,7,3,130.87,392.61,2025-04-27 14:14:10
51348,164,19,5,179.66,898.3,2025-04-21 10:03:00
51349,176,15,2,365.05,730.1,2025-04-19 21:31:03
51350,183,2,9,166.79,1501.11,2025-04-24 22:46:40
51351,124,7,2,184.45,368.9,2025-04-21 16:50:40
51352,110,14,6,354.62,2127.72,2025-04-26 00:01:52
51353,142,1,7,248.6,1740.2,2025-04-20 16:41:39
51354,149,18,7,274.26,1919.82,2025-04-18 20:30:29
51355,114,16,3,107.74,323.22,2025-04-22 06:33:40
51356,116,12,4,93.34,373.36,2025-04-22 08:01:37
51357,167,17,6,72.18,433.08,2025-04-27 23:30:17
51358,196,18,2,247.91,495.82,2025-04-19 19:59:27
51359,165,14,5,141.91,709.55,2025-04-20 23:11:07
51360,144,11,2,454.84,909.68,2025-04-19 01:18:17
51361,134,18,3,474.54,1423.62,2025-04-21 07:22:55
51362,122,16,5,71.47,357.35,2025-04-20 23:38:05
51363,122,8,8,71.47,571.76,2025-04-22 11:42:04
51364,153,16,9,469.87,4228.83,2025-04-25 04:55:13
51365,123,2,2,147.49,294.98,2025-04-19 16:40:34
51366,197,2,5,262.32,1311.6,2025-04-22 11:13:09
51367,130,1,7,25.13,175.91,2025-04-22 11:59:33
51368,185,4,9,156.87,1411.83,2025-04-25 07:07:00
51369,133,20,9,34.4,309.6,2025-04-27 03:28:01
51370,198,17,2,214.92,429.84,2025-04-24 04:14:44
51371,170,11,4,493.47,1973.88,2025-04-22 09:04:01
51372,167,11,9,72.18,649.62,2025-04-24 10:09:14
51373,190,5,5,237.16,1185.8,2025-04-25 22:38:09
51374,170,13,8,493.47,3947.76,2025-04-18 14:26:50
51375,178,19,7,38.87,272.09,2025-04-24 17:45:55
51376,195,8,2,385.94,771.88,2025-04-22 02:10:18
51377,140,12,4,221.2,884.8,2025-04-23 03:49:19
51378,151,3,2,484.85,969.7,2025-04-25 12:39:24
51379,159,15,5,24.52,122.6,2025-04-19 15:04:41
51380,169,10,4,39.13,156.52,2025-04-18 08:09:18
51381,197,20,2,262.32,524.64,2025-04-26 12:21:43
51382,106,2,2,79.69,159.38,2025-04-24 19:25:21
51383,168,14,9,401.49,3613.41,2025-04-22 09:50:34
51384,114,12,2,107.74,215.48,2025-04-19 06:58:35
51385,200,4,1,55.73,55.73,2025-04-20 09:19:13
51386,163,17,5,414.71,2073.55,2025-04-24 11:31:13
51387,150,6,5,94.06,470.3,2025-04-21 15:35:51
51388,199,9,9,14.66,131.94,2025-04-27 12:33:12
51389,186,1,1,163.94,163.94,2025-04-18 08:27:13
51390,115,12,2,92.55,185.1,2025-04-19 13:30:23
51391,197,11,1,262.32,262.32,2025-04-22 12:39:46
51392,125,17,9,229.12,2062.08,2025-04-21 17:42:46
51393,113,11,5,416.56,2082.8,2025-04-22 11:13:36
51394,190,13,5,237.16,1185.8,2025-04-18 19:08:02
51395,162,11,7,137.13,959.91,2025-04-19 09:43:41
51396,101,7,6,188.52,1131.12,2025-04-21 16:44:57
51397,173,14,3,4.75,14.25,2025-04-21 04:08:02
51398,162,1,6,137.13,822.78,2025-04-20 19:34:00
51399,184,7,5,33.65,168.25,2025-04-27 15:12:22
51400,176,4,5,365.05,1825.25,2025-04-18 06:54:02
51401,195,8,5,385.94,1929.7,2025-04-19 21:19:58
51402,145,8,9,130.87,1177.83,2025-04-23 04:56:24
51403,196,1,4,247.91,991.64,2025-04-27 03:55:53
51404,125,6,4,229.12,916.48,2025-04-19 04:56:38
51405,140,1,1,221.2,221.2,2025-04-25 18:40:22
51406,144,15,9,454.84,4093.56,2025-04-25 01:39:01
51407,197,20,2,262.32,524.64,2025-04-20 04:10:41
51408,148,6,3,260.99,782.97,2025-04-24 03:31:54
51409,108,15,6,433.36,2600.16,2025-04-24 23:14:12
51410,191,6,5,61.56,307.8,2025-04-28 00:21:08
51411,127,4,4,101.44,405.76,2025-04-20 00:43:27
51412,139,19,2,342.75,685.5,2025-04-19 09:15:22
51413,133,8,8,34.4,275.2,2025-04-18 18:27:13
51414,173,5,3,4.75,14.25,2025-04-19 18:07:08
51415,161,10,7,195.56,1368.92,2025-04-25 03:53:24
51416,136,16,7,404.58,2832.06,2025-04-28 00:01:27
51417,129,8,4,297.02,1188.08,2025-04-26 03:12:16
51418,160,11,6,164.01,984.06,2025-04-27 16:53:45
51419,189,16,1,443.83,443.83,2025-04-27 21:27:33
51420,120,2,4,147.03,588.12,2025-04-24 16:57:46
51421,122,5,9,71.47,643.23,2025-04-25 02:58:15
51422,182,20,3,312.4,937.2,2025-04-23 12:40:50
51423,157,5,5,46.07,230.35,2025-04-20 22:22:06
51424,183,14,6,166.79,1000.74,2025-04-21 00:40:15
51425,196,9,2,247.91,495.82,2025-04-19 14:28:57
51426,120,7,2,147.03,294.06,2025-04-25 02:58:36
51427,142,9,1,248.6,248.6,2025-04-25 00:44:02
51428,103,16,4,366.53,1466.12,2025-04-19 18:27:47
51429,129,12,3,297.02,891.06,2025-04-21 15:26:22
51430,158,8,6,99.6,597.6,2025-04-20 06:29:57
51431,186,13,5,163.94,819.7,2025-04-27 21:06:47
51432,163,3,3,414.71,1244.13,2025-04-25 22:46:37
51433,180,6,3,59.7,179.1,2025-04-20 09:29:53
51434,114,11,4,107.74,430.96,2025-04-22 23:14:47
51435,147,8,6,157.23,943.38,2025-04-21 15:17:47
51436,172,15,4,100.96,403.84,2025-04-23 18:01:40
51437,186,9,4,163.94,655.76,2025-04-22 16:51:31
51438,154,19,3,447.62,1342.86,2025-04-27 20:36:15
51439,193,12,3,380.87,1142.61,2025-04-19 07:49:35
51440,131,18,5,304.56,1522.8,2025-04-26 20:54:01
51441,114,18,2,107.74,215.48,2025-04-18 16:27:39
51442,175,20,8,354.01,2832.08,2025-04-22 00:14:23
51443,107,13,7,30.93,216.51,2025-04-25 04:44:43
51444,106,15,1,79.69,79.69,2025-04-22 19:33:39
51445,118,5,9,263.33,2369.97,2025-04-22 03:16:19
51446,180,17,1,59.7,59.7,2025-04-22 02:56:43
51447,143,17,7,19.13,133.91,2025-04-23 18:39:27
51448,174,19,3,408.1,1224.3,2025-04-19 06:45:35
51449,155,10,8,299.75,2398,2025-04-21 04:46:04
51450,111,17,2,12.25,24.5,2025-04-18 18:28:51
51451,153,17,1,469.87,469.87,2025-04-22 16:28:52
51452,185,20,6,156.87,941.22,2025-04-23 04:50:52
51453,178,8,3,38.87,116.61,2025-04-19 07:28:54
51454,122,2,2,71.47,142.94,2025-04-26 07:39:15
51455,188,16,2,319.5,639,2025-04-23 12:59:39
51456,169,6,6,39.13,234.78,2025-04-23 21:45:00
51457,116,19,5,93.34,466.7,2025-04-25 16:56:56
51458,159,3,8,24.52,196.16,2025-04-19 07:38:57
51459,174,16,1,408.1,408.1,2025-04-23 01:22:07
51460,124,12,3,184.45,553.35,2025-04-26 17:03:07
51461,111,20,1,12.25,12.25,2025-04-26 08:12:54
51462,170,20,7,493.47,3454.29,2025-04-23 05:01:33
51463,121,3,1,306.7,306.7,2025-04-21 01:40:16
51464,131,1,1,304.56,304.56,2025-04-19 15:33:12
51465,116,10,1,93.34,93.34,2025-04-27 09:01:06
51466,134,13,5,474.54,2372.7,2025-04-20 06:47:39
51467,182,5,2,312.4,624.8,2025-04-27 12:04:38
51468,139,4,3,342.75,1028.25,2025-04-23 05:13:00
51469,101,7,5,188.52,942.6,2025-04-20 20:51:10
51470,148,6,7,260.99,1826.93,2025-04-18 19:36:27
51471,183,17,7,166.79,1167.53,2025-04-19 23:47:37
51472,106,20,8,79.69,637.52,2025-04-27 14:12:20
51473,184,18,8,33.65,269.2,2025-04-20 18:32:58
51474,122,7,4,71.47,285.88,2025-04-24 06:41:12
51475,158,5,4,99.6,398.4,2025-04-24 04:08:39
51476,175,14,4,354.01,1416.04,2025-04-18 23:06:15
51477,150,16,3,94.06,282.18,2025-04-24 10:31:06
51478,151,10,2,484.85,969.7,2025-04-23 22:42:55
51479,122,2,9,71.47,643.23,2025-04-23 20:02:11
51480,101,19,6,188.52,1131.12,2025-04-19 17:46:10
51481,188,18,9,319.5,2875.5,2025-04-24 06:33:23
51482,103,18,6,366.53,2199.18,2025-04-27 01:09:41
51483,162,6,5,137.13,685.65,2025-04-21 09:42:36
51484,116,3,3,93.34,280.02,2025-04-27 06:25:28
51485,172,9,6,100.96,605.76,2025-04-18 10:34:04
51486,161,2,4,195.56,782.24,2025-04-26 15:59:19
51487,129,14,1,297.02,297.02,2025-04-18 20:10:29
51488,177,3,6,386.09,2316.54,2025-04-27 12:19:57
51489,197,18,9,262.32,2360.88,2025-04-25 17:43:36
51490,106,7,1,79.69,79.69,2025-04-20 16:11:55
51491,167,20,5,72.18,360.9,2025-04-20 03:16:31
51492,194,18,9,281.52,2533.68,2025-04-23 17:59:39
51493,124,12,6,184.45,1106.7,2025-04-24 05:01:38
51494,132,11,5,86.92,434.6,2025-04-18 07:57:00
51495,193,1,3,380.87,1142.61,2025-04-26 22:02:26
51496,123,7,2,147.49,294.98,2025-04-23 11:37:11
51497,143,14,7,19.13,133.91,2025-04-24 10:44:20
51498,132,2,4,86.92,347.68,2025-04-21 01:11:02
51499,134,19,6,474.54,2847.24,2025-04-20 11:27:07
51500,147,11,3,157.23,471.69,2025-04-26 02:26:42
51501,159,6,8,24.52,196.16,2025-04-22 02:08:36
51502,174,16,1,408.1,408.1,2025-04-22 13:31:55
50001,177,8,1,386.09,386.09,2025-04-27 06:03:54
50002,156,2,4,461.09,1844.36,2025-04-27 05:07:09
50003,191,20,4,61.56,246.24,2025-04-24 00:25:39
50004,188,5,4,319.5,1278,2025-04-22 21:56:46
50005,176,16,6,365.05,2190.3,2025-04-19 03:31:44
50006,169,16,7,39.13,273.91,2025-04-21 15:47:46
50007,119,13,4,217.11,868.44,2025-04-27 21:09:28
50008,181,8,4,431.83,1727.32,2025-04-26 02:18:24
50009,135,9,1,482.88,482.88,2025-04-20 10:08:57
50010,119,18,5,217.11,1085.55,2025-04-20 10:29:24
50011,153,2,9,469.87,4228.83,2025-04-23 16:50:47
50012,161,10,7,195.56,1368.92,2025-04-18 19:34:57
50013,156,11,3,461.09,1383.27,2025-04-25 08:20:19
50014,177,16,9,386.09,3474.81,2025-04-26 04:31:35
50015,124,4,7,184.45,1291.15,2025-04-27 19:23:49
50016,141,20,7,62.78,439.46,2025-04-23 08:31:49
50017,191,11,4,61.56,246.24,2025-04-19 06:51:48
50018,193,4,3,380.87,1142.61,2025-04-24 15:01:15
50019,106,1,1,79.69,79.69,2025-04-27 11:55:28
50020,134,6,6,474.54,2847.24,2025-04-19 16:18:40
50021,151,19,9,484.85,4363.65,2025-04-23 07:19:21
50022,109,11,9,301.36,2712.24,2025-04-24 02:15:48
50023,181,12,3,431.83,1295.49,2025-04-27 16:07:40
50024,112,6,6,485.02,2910.12,2025-04-27 07:37:12
50025,159,7,3,24.52,73.56,2025-04-25 13:56:40
50026,137,16,5,153.7,768.5,2025-04-24 22:14:56
50027,190,4,6,237.16,1422.96,2025-04-25 03:47:18
50028,120,3,9,147.03,1323.27,2025-04-22 00:26:20
50029,167,5,1,72.18,72.18,2025-04-24 17:53:08
50030,161,2,4,195.56,782.24,2025-04-21 18:18:06
50031,151,15,3,484.85,1454.55,2025-04-27 00:35:17
50032,136,12,6,404.58,2427.48,2025-04-22 13:02:15
50033,199,11,1,14.66,14.66,2025-04-20 12:10:41
50034,151,6,9,484.85,4363.65,2025-04-18 16:02:49
50035,157,17,4,46.07,184.28,2025-04-18 05:43:44
50036,182,2,3,312.4,937.2,2025-04-23 13:37:19
50037,135,1,1,482.88,482.88,2025-04-23 21:54:23
50038,130,16,5,25.13,125.65,2025-04-18 02:24:23
50039,177,5,4,386.09,1544.36,2025-04-25 02:33:45
50040,129,1,9,297.02,2673.18,2025-04-18 14:48:37
50041,105,4,3,79.7,239.1,2025-04-18 16:51:24
50042,197,7,2,262.32,524.64,2025-04-18 08:13:11
50043,166,10,8,272.26,2178.08,2025-04-21 07:59:01
50044,127,6,3,101.44,304.32,2025-04-23 04:04:41
50045,166,1,2,272.26,544.52,2025-04-20 19:30:55
50046,154,1,6,447.62,2685.72,2025-04-22 21:10:49
50047,162,8,9,137.13,1234.17,2025-04-23 10:05:49
50048,133,12,1,34.4,34.4,2025-04-25 06:17:07
50049,134,14,7,474.54,3321.78,2025-04-26 20:27:09
50050,168,1,8,401.49,3211.92,2025-04-23 18:58:17
50051,104,7,6,300.13,1800.78,2025-04-20 11:00:00
50052,199,5,6,14.66,87.96,2025-04-22 18:11:39
50053,175,10,9,354.01,3186.09,2025-04-22 02:22:30
50054,147,14,3,157.23,471.69,2025-04-18 23:19:08
50055,149,13,7,274.26,1919.82,2025-04-24 14:50:12
50056,131,5,7,304.56,2131.92,2025-04-21 13:42:44
50057,170,14,7,493.47,3454.29,2025-04-22 03:20:43
50058,196,19,1,247.91,247.91,2025-04-26 16:00:05
50059,167,17,3,72.18,216.54,2025-04-18 13:40:54
50060,108,1,3,433.36,1300.08,2025-04-24 13:30:36
50061,199,10,2,14.66,29.32,2025-04-24 11:45:50
50062,119,9,1,217.11,217.11,2025-04-18 15:13:40
50063,131,20,2,304.56,609.12,2025-04-25 07:27:07
50064,193,11,6,380.87,2285.22,2025-04-26 00:49:22
50065,177,12,2,386.09,772.18,2025-04-19 02:54:19
50066,134,16,6,474.54,2847.24,2025-04-19 22:39:44
50067,119,1,2,217.11,434.22,2025-04-23 09:23:21
50068,145,17,9,130.87,1177.83,2025-04-19 10:19:28
50069,104,3,2,300.13,600.26,2025-04-19 20:43:04
50070,145,4,1,130.87,130.87,2025-04-22 15:42:41
50071,192,13,8,357.2,2857.6,2025-04-26 18:33:26
50072,122,15,7,71.47,500.29,2025-04-18 18:46:23
50073,166,15,9,272.26,2450.34,2025-04-26 02:36:22
50074,121,12,6,306.7,1840.2,2025-04-26 14:06:46
50075,157,9,7,46.07,322.49,2025-04-19 00:10:44
50076,135,13,6,482.88,2897.28,2025-04-24 13:11:44
50077,117,15,3,153.51,460.53,2025-04-23 10:25:18
50078,142,20,7,248.6,1740.2,2025-04-18 04:13:21
50079,172,12,9,100.96,908.64,2025-04-18 23:03:50
50080,107,16,2,30.93,61.86,2025-04-25 13:32:11
50081,113,18,2,416.56,833.12,2025-04-20 09:24:42
50082,146,8,7,331.94,2323.58,2025-04-22 02:13:12
50083,105,17,7,79.7,557.9,2025-04-22 20:12:24
50084,161,4,5,195.56,977.8,2025-04-26 16:11:48
50085,186,16,8,163.94,1311.52,2025-04-27 01:16:01
50086,114,12,3,107.74,323.22,2025-04-19 16:11:37
50087,106,6,9,79.69,717.21,2025-04-18 01:11:53
50088,192,10,2,357.2,714.4,2025-04-21 22:22:55
50089,192,10,7,357.2,2500.4,2025-04-27 07:02:42
50090,146,16,6,331.94,1991.64,2025-04-25 21:06:42
50091,167,20,1,72.18,72.18,2025-04-20 21:08:26
50092,134,14,4,474.54,1898.16,2025-04-24 23:51:46
50093,109,20,5,301.36,1506.8,2025-04-25 08:00:07
50094,127,15,8,101.44,811.52,2025-04-25 20:41:15
50095,115,12,2,92.55,185.1,2025-04-24 15:31:47
50096,165,5,4,141.91,567.64,2025-04-22 21:28:55
50097,126,3,5,393.02,1965.1,2025-04-19 22:15:22
50098,172,3,1,100.96,100.96,2025-04-20 04:55:44
50099,102,1,5,475.46,2377.3,2025-04-18 14:43:00
50100,160,17,2,164.01,328.02,2025-04-25 09:15:27
50101,172,6,8,100.96,807.68,2025-04-18 15:18:38
50102,127,16,1,101.44,101.44,2025-04-21 03:56:45
50103,148,19,9,260.99,2348.91,2025-04-18 12:42:53
50104,188,17,3,319.5,958.5,2025-04-22 19:06:36
50105,147,4,8,157.23,1257.84,2025-04-27 05:20:01
50106,107,3,2,30.93,61.86,2025-04-23 08:09:03
50107,102,1,5,475.46,2377.3,2025-04-18 14:19:54
50108,124,8,9,184.45,1660.05,2025-04-23 02:33:34
50109,131,9,9,304.56,2741.04,2025-04-26 13:00:10
50110,149,9,2,274.26,548.52,2025-04-18 17:07:33
50111,116,13,2,93.34,186.68,2025-04-18 16:59:29
50112,163,4,3,414.71,1244.13,2025-04-26 15:31:02
50113,181,10,6,431.83,2590.98,2025-04-22 01:35:13
50114,135,8,2,482.88,965.76,2025-04-27 10:39:50
50115,115,5,6,92.55,555.3,2025-04-23 17:24:10
50116,144,3,3,454.84,1364.52,2025-04-23 19:37:17
50117,152,5,8,388.02,3104.16,2025-04-18 10:13:08
50118,179,20,3,180.52,541.56,2025-04-18 20:21:25
50119,128,13,4,258.09,1032.36,2025-04-24 14:27:02
50120,173,3,8,4.75,38,2025-04-23 16:20:08
50121,161,8,9,195.56,1760.04,2025-04-21 04:36:35
50122,184,19,7,33.65,235.55,2025-04-20 15:15:53
50123,182,14,6,312.4,1874.4,2025-04-24 17:24:55
50124,103,19,4,366.53,1466.12,2025-04-21 04:05:06
50125,106,3,3,79.69,239.07,2025-04-20 16:25:42
50126,114,7,1,107.74,107.74,2025-04-19 08:05:30
50127,111,1,4,12.25,49,2025-04-24 11:36:04
50128,116,14,5,93.34,466.7,2025-04-22 14:24:54
50129,140,17,7,221.2,1548.4,2025-04-27 07:38:43
50130,138,15,1,50.64,50.64,2025-04-27 09:15:26
50131,168,3,9,401.49,3613.41,2025-04-18 02:55:00
50132,131,12,2,304.56,609.12,2025-04-24 05:45:33
50133,111,5,5,12.25,61.25,2025-04-23 15:47:58
50134,169,7,6,39.13,234.78,2025-04-19 00:40:35
50135,113,10,5,416.56,2082.8,2025-04-23 09:42:48
50136,122,5,6,71.47,428.82,2025-04-23 02:05:36
50137,108,13,6,433.36,2600.16,2025-04-19 08:28:14
50138,101,3,9,188.52,1696.68,2025-04-21 12:26:35
50139,178,1,7,38.87,272.09,2025-04-18 17:11:27
50140,130,12,2,25.13,50.26,2025-04-20 11:18:33
50141,168,9,9,401.49,3613.41,2025-04-20 21:04:41
50142,193,8,6,380.87,2285.22,2025-04-22 09:50:43
50143,139,10,9,342.75,3084.75,2025-04-23 11:03:12
50144,101,9,3,188.52,565.56,2025-04-21 01:17:06
50145,129,3,4,297.02,1188.08,2025-04-27 20:48:21
50146,110,8,5,354.62,1773.1,2025-04-26 02:23:06
50147,146,9,3,331.94,995.82,2025-04-23 07:37:36
50148,174,10,4,408.1,1632.4,2025-04-24 16:58:05
50149,154,13,5,447.62,2238.1,2025-04-23 13:47:08
50150,161,18,8,195.56,1564.48,2025-04-27 08:18:09
50151,116,11,7,93.34,653.38,2025-04-19 01:32:30
50152,182,11,4,312.4,1249.6,2025-04-26 19:25:53
50153,145,13,1,130.87,130.87,2025-04-20 16:09:10
50154,181,9,2,431.83,863.66,2025-04-26 22:12:43
50155,122,10,8,71.47,571.76,2025-04-25 10:51:40
50156,187,3,1,365.34,365.34,2025-04-19 13:59:18
50157,129,12,8,297.02,2376.16,2025-04-20 20:18:09
50158,122,14,4,71.47,285.88,2025-04-20 03:13:56
50159,173,10,8,4.75,38,2025-04-21 10:58:20
50160,133,7,2,34.4,68.8,2025-04-24 21:40:49
50161,139,9,1,342.75,342.75,2025-04-26 13:22:48
50162,106,3,5,79.69,398.45,2025-04-23 01:58:45
50163,146,11,4,331.94,1327.76,2025-04-20 12:57:00
50164,129,8,5,297.02,1485.1,2025-04-27 02:38:21
50165,143,9,4,19.13,76.52,2025-04-18 12:52:22
50166,155,5,3,299.75,899.25,2025-04-24 08:54:33
50167,128,8,9,258.09,2322.81,2025-04-26 07:43:28
50168,168,2,8,401.49,3211.92,2025-04-18 11:15:42
50169,153,9,5,469.87,2349.35,2025-04-21 08:44:04
50170,110,11,2,354.62,709.24,2025-04-19 08:04:40
50171,110,17,1,354.62,354.62,2025-04-27 19:49:57
50172,149,3,4,274.26,1097.04,2025-04-19 15:27:38
50173,183,15,5,166.79,833.95,2025-04-22 10:43:17
50174,127,3,8,101.44,811.52,2025-04-25 02:02:28
50175,156,13,2,461.09,922.18,2025-04-23 15:17:55
50176,197,19,2,262.32,524.64,2025-04-19 03:31:51
50177,158,4,8,99.6,796.8,2025-04-27 11:29:36
50178,102,11,7,475.46,3328.22,2025-04-24 22:31:32
50179,118,8,2,263.33,526.66,2025-04-19 12:27:14
50180,182,4,1,312.4,312.4,2025-04-18 09:19:40
50181,124,3,8,184.45,1475.6,2025-04-21 17:17:34
50182,194,12,8,281.52,2252.16,2025-04-23 13:17:13
50183,134,17,8,474.54,3796.32,2025-04-22 07:49:47
50184,126,1,4,393.02,1572.08,2025-04-18 10:43:12
50185,118,17,2,263.33,526.66,2025-04-21 16:11:50
50186,128,5,7,258.09,1806.63,2025-04-27 08:37:20
50187,188,11,4,319.5,1278,2025-04-27 18:00:29
50188,127,7,5,101.44,507.2,2025-04-18 10:15:21
50189,174,17,2,408.1,816.2,2025-04-21 14:33:19
50190,156,2,6,461.09,2766.54,2025-04-24 20:22:37
50191,192,18,4,357.2,1428.8,2025-04-24 16:44:42
50192,155,16,1,299.75,299.75,2025-04-21 13:33:50
50193,175,6,4,354.01,1416.04,2025-04-23 15:03:11
50194,187,8,6,365.34,2192.04,2025-04-26 18:36:43
50195,106,1,1,79.69,79.69,2025-04-27 18:24:07
50196,159,4,3,24.52,73.56,2025-04-25 12:33:20
50197,176,17,8,365.05,2920.4,2025-04-27 06:51:51
50198,109,14,2,301.36,602.72,2025-04-20 09:29:53
50199,167,15,4,72.18,288.72,2025-04-19 15:40:53
50200,119,1,3,217.11,651.33,2025-04-26 00:39:14
50201,109,15,4,301.36,1205.44,2025-04-19 19:10:25
50202,112,10,7,485.02,3395.14,2025-04-22 03:37:54
50203,132,17,1,86.92,86.92,2025-04-19 19:43:39
50204,131,20,8,304.56,2436.48,2025-04-27 06:33:29
50205,121,19,2,306.7,613.4,2025-04-25 20:27:13
50206,129,12,9,297.02,2673.18,2025-04-22 03:29:32
50207,184,9,8,33.65,269.2,2025-04-24 17:27:31
50208,104,2,3,300.13,900.39,2025-04-25 09:05:41
50209,196,5,2,247.91,495.82,2025-04-20 12:14:28
50210,148,7,7,260.99,1826.93,2025-04-19 14:53:18
50211,186,13,9,163.94,1475.46,2025-04-25 00:59:16
50212,111,9,2,12.25,24.5,2025-04-21 20:29:28
50213,169,2,3,39.13,117.39,2025-04-18 09:58:30
50214,193,8,6,380.87,2285.22,2025-04-22 17:38:48
50215,163,8,6,414.71,2488.26,2025-04-20 00:34:42
50216,114,6,2,107.74,215.48,2025-04-27 05:06:34
50217,186,6,6,163.94,983.64,2025-04-21 12:35:56
50218,170,4,3,493.47,1480.41,2025-04-26 05:36:35
50219,169,20,8,39.13,313.04,2025-04-26 17:47:55
50220,159,1,3,24.52,73.56,2025-04-20 06:10:57
50221,200,1,5,55.73,278.65,2025-04-24 15:05:20
50222,191,20,5,61.56,307.8,2025-04-22 00:18:46
50223,120,2,2,147.03,294.06,2025-04-20 19:32:45
50224,138,7,2,50.64,101.28,2025-04-18 17:20:31
50225,101,17,3,188.52,565.56,2025-04-25 18:16:46
50226,189,13,5,443.83,2219.15,2025-04-21 12:57:22
50227,120,5,7,147.03,1029.21,2025-04-23 02:56:18
50228,150,3,9,94.06,846.54,2025-04-24 19:45:55
50229,183,11,5,166.79,833.95,2025-04-26 11:09:35
50230,130,15,7,25.13,175.91,2025-04-21 08:09:25
50231,182,14,7,312.4,2186.8,2025-04-18 07:18:18
50232,141,8,5,62.78,313.9,2025-04-26 19:10:13
50233,134,17,9,474.54,4270.86,2025-04-20 15:22:21
50234,193,16,4,380.87,1523.48,2025-04-23 20:01:21
50235,142,7,2,248.6,497.2,2025-04-27 20:43:59
50236,198,11,8,214.92,1719.36,2025-04-18 09:51:46
50237,109,20,3,301.36,904.08,2025-04-23 23:51:29
50238,150,4,4,94.06,376.24,2025-04-21 11:38:45
50239,181,15,8,431.83,3454.64,2025-04-25 21:25:25
50240,189,1,5,443.83,2219.15,2025-04-22 09:24:56
50241,128,6,9,258.09,2322.81,2025-04-27 20:53:51
50242,153,11,1,469.87,469.87,2025-04-19 04:26:09
50243,120,7,6,147.03,882.18,2025-04-27 00:33:44
50244,109,12,9,301.36,2712.24,2025-04-19 22:18:00
50245,126,9,3,393.02,1179.06,2025-04-18 11:20:01
50246,185,3,1,156.87,156.87,2025-04-22 09:20:05
50247,190,11,3,237.16,711.48,2025-04-23 05:27:43
50248,159,6,4,24.52,98.08,2025-04-26 02:14:37
50249,115,13,9,92.55,832.95,2025-04-24 21:31:36
50250,131,15,7,304.56,2131.92,2025-04-27 10:20:39
50251,188,1,4,319.5,1278,2025-04-25 09:34:12
50252,106,12,1,79.69,79.69,2025-04-19 23:58:10
50253,191,5,7,61.56,430.92,2025-04-22 08:11:32
50254,197,8,9,262.32,2360.88,2025-04-27 12:24:39
50255,163,7,5,414.71,2073.55,2025-04-27 05:39:58
50256,144,11,4,454.84,1819.36,2025-04-24 06:14:18
50257,193,9,3,380.87,1142.61,2025-04-24 15:53:38
50258,108,6,1,433.36,433.36,2025-04-19 06:35:28
50259,108,18,3,433.36,1300.08,2025-04-27 00:41:32
50260,137,14,6,153.7,922.2,2025-04-23 02:23:25
50261,140,12,6,221.2,1327.2,2025-04-24 16:44:07
50262,170,7,5,493.47,2467.35,2025-04-21 06:57:54
50263,131,1,9,304.56,2741.04,2025-04-25 00:00:40
50264,113,20,7,416.56,2915.92,2025-04-23 13:44:24
50265,170,6,5,493.47,2467.35,2025-04-19 22:43:21
50266,195,12,1,385.94,385.94,2025-04-24 16:15:51
50267,152,1,6,388.02,2328.12,2025-04-21 19:40:33
50268,200,6,4,55.73,222.92,2025-04-25 12:14:00
50269,146,7,1,331.94,331.94,2025-04-19 18:26:51
50270,141,12,8,62.78,502.24,2025-04-23 17:15:58
50271,170,11,2,493.47,986.94,2025-04-22 02:08:20
50272,195,6,2,385.94,771.88,2025-04-26 08:46:30
50273,184,11,4,33.65,134.6,2025-04-21 01:36:39
50274,198,19,6,214.92,1289.52,2025-04-20 03:07:29
50275,173,6,2,4.75,9.5,2025-04-25 21:15:47
50276,107,14,7,30.93,216.51,2025-04-24 02:16:47
50277,102,15,7,475.46,3328.22,2025-04-21 06:01:15
50278,106,14,5,79.69,398.45,2025-04-22 10:42:35
50279,141,11,3,62.78,188.34,2025-04-24 18:49:53
50280,170,6,7,493.47,3454.29,2025-04-23 03:21:46
50281,128,20,2,258.09,516.18,2025-04-25 23:10:39
50282,200,13,1,55.73,55.73,2025-04-27 15:02:26
50283,166,16,5,272.26,1361.3,2025-04-25 09:18:42
50284,120,7,9,147.03,1323.27,2025-04-24 14:48:19
50285,103,8,7,366.53,2565.71,2025-04-20 20:47:23
50286,114,5,8,107.74,861.92,2025-04-24 16:00:21
50287,129,8,6,297.02,1782.12,2025-04-24 05:18:13
50288,110,1,5,354.62,1773.1,2025-04-18 23:05:38
50289,183,8,7,166.79,1167.53,2025-04-27 13:09:39
50290,181,19,5,431.83,2159.15,2025-04-20 09:02:58
50291,188,19,5,319.5,1597.5,2025-04-21 03:10:54
50292,182,17,3,312.4,937.2,2025-04-26 02:15:22
50293,116,16,5,93.34,466.7,2025-04-19 12:02:45
50294,187,2,8,365.34,2922.72,2025-04-18 11:46:20
50295,120,12,8,147.03,1176.24,2025-04-27 20:49:32
50296,169,2,8,39.13,313.04,2025-04-24 03:23:12
50297,134,2,2,474.54,949.08,2025-04-25 17:07:06
50298,145,15,7,130.87,916.09,2025-04-22 13:58:51
50299,199,15,1,14.66,14.66,2025-04-26 21:21:14
50300,192,13,7,357.2,2500.4,2025-04-23 18:50:31
50301,104,4,2,300.13,600.26,2025-04-25 05:05:02
50302,152,4,5,388.02,1940.1,2025-04-21 20:50:09
50303,182,11,9,312.4,2811.6,2025-04-22 00:35:52
50304,161,20,7,195.56,1368.92,2025-04-19 12:05:53
50305,166,2,7,272.26,1905.82,2025-04-24 21:42:37
50306,186,4,8,163.94,1311.52,2025-04-26 22:55:10
50307,172,13,6,100.96,605.76,2025-04-26 15:11:12
50308,174,11,7,408.1,2856.7,2025-04-26 21:11:33
50309,166,20,7,272.26,1905.82,2025-04-25 19:30:07
50310,154,12,6,447.62,2685.72,2025-04-20 05:12:10
50311,180,9,5,59.7,298.5,2025-04-26 01:40:02
50312,181,3,6,431.83,2590.98,2025-04-24 23:41:59
50313,166,9,1,272.26,272.26,2025-04-22 16:10:23
50314,166,7,8,272.26,2178.08,2025-04-23 14:27:30
50315,151,18,2,484.85,969.7,2025-04-27 04:52:26
50316,172,14,8,100.96,807.68,2025-04-19 05:48:25
50317,164,14,2,179.66,359.32,2025-04-19 08:40:56
50318,122,6,6,71.47,428.82,2025-04-22 16:11:43
50319,149,4,4,274.26,1097.04,2025-04-23 08:09:09
50320,182,15,8,312.4,2499.2,2025-04-23 14:49:23
50321,149,18,5,274.26,1371.3,2025-04-21 04:49:57
50322,118,6,9,263.33,2369.97,2025-04-25 13:56:28
50323,111,19,4,12.25,49,2025-04-22 10:53:55
50324,141,13,7,62.78,439.46,2025-04-26 04:16:57
50325,121,3,7,306.7,2146.9,2025-04-26 22:45:57
50326,114,1,8,107.74,861.92,2025-04-22 07:05:56
50327,200,1,7,55.73,390.11,2025-04-27 02:19:34
50328,184,15,8,33.65,269.2,2025-04-22 11:42:01
50329,139,15,6,342.75,2056.5,2025-04-19 14:52:44
50330,106,6,6,79.69,478.14,2025-04-26 15:26:23
50331,131,6,1,304.56,304.56,2025-04-22 12:41:52
50332,124,13,8,184.45,1475.6,2025-04-25 13:06:27
50333,182,12,4,312.4,1249.6,2025-04-26 10:14:53
50334,144,11,1,454.84,454.84,2025-04-20 19:14:09
50335,199,7,5,14.66,73.3,2025-04-25 19:19:23
50336,188,6,3,319.5,958.5,2025-04-22 20:59:03
50337,101,6,5,188.52,942.6,2025-04-20 10:06:00
50338,126,11,5,393.02,1965.1,2025-04-22 10:15:01
50339,135,2,3,482.88,1448.64,2025-04-25 03:55:54
50340,185,15,8,156.87,1254.96,2025-04-20 08:57:34
50341,173,18,8,4.75,38,2025-04-21 09:17:04
50342,193,20,6,380.87,2285.22,2025-04-26 23:00:27
50343,145,2,4,130.87,523.48,2025-04-18 20:01:11
50344,134,17,8,474.54,3796.32,2025-04-19 12:52:49
50345,109,18,8,301.36,2410.88,2025-04-21 20:36:34
50346,112,20,7,485.02,3395.14,2025-04-19 13:21:15
50347,113,10,7,416.56,2915.92,2025-04-20 04:01:47
50348,112,6,6,485.02,2910.12,2025-04-22 04:14:57
50349,129,15,2,297.02,594.04,2025-04-21 08:05:33
50350,110,3,6,354.62,2127.72,2025-04-22 16:30:10
50351,161,7,9,195.56,1760.04,2025-04-18 15:37:29
50352,184,8,4,33.65,134.6,2025-04-26 08:34:29
50353,120,19,9,147.03,1323.27,2025-04-21 22:09:19
50354,177,4,8,386.09,3088.72,2025-04-25 17:25:55
50355,135,5,1,482.88,482.88,2025-04-27 11:44:09
50356,180,9,9,59.7,537.3,2025-04-18 05:22:07
50357,183,15,3,166.79,500.37,2025-04-26 20:02:19
50358,156,15,2,461.09,922.18,2025-04-23 18:50:48
50359,113,11,2,416.56,833.12,2025-04-22 19:09:22
50360,182,16,7,312.4,2186.8,2025-04-27 10:56:20
50361,160,14,1,164.01,164.01,2025-04-21 00:20:53
50362,176,8,3,365.05,1095.15,2025-04-21 22:16:40
50363,118,5,8,263.33,2106.64,2025-04-26 22:40:30
50364,135,20,7,482.88,3380.16,2025-04-26 09:15:21
50365,146,15,2,331.94,663.88,2025-04-23 09:51:14
50366,129,3,2,297.02,594.04,2025-04-25 08:59:35
50367,157,6,4,46.07,184.28,2025-04-26 00:38:58
50368,171,10,1,386.58,386.58,2025-04-27 00:09:21
50369,129,11,1,297.02,297.02,2025-04-22 21:51:22
50370,146,11,7,331.94,2323.58,2025-04-20 18:11:08
50371,132,9,4,86.92,347.68,2025-04-22 21:14:06
50372,109,15,4,301.36,1205.44,2025-04-21 22:00:24
50373,174,8,1,408.1,408.1,2025-04-24 17:12:38
50374,105,8,4,79.7,318.8,2025-04-26 00:14:06
50375,196,10,5,247.91,1239.55,2025-04-25 06:29:04
50376,131,15,4,304.56,1218.24,2025-04-26 10:24:08
50377,159,3,4,24.52,98.08,2025-04-27 05:22:15
50378,178,10,9,38.87,349.83,2025-04-27 20:03:15
50379,174,10,7,408.1,2856.7,2025-04-23 08:52:14
50380,182,18,3,312.4,937.2,2025-04-27 02:20:38
50381,132,19,1,86.92,86.92,2025-04-23 22:44:07
50382,109,1,3,301.36,904.08,2025-04-24 15:48:03
50383,133,12,9,34.4,309.6,2025-04-18 20:49:42
50384,114,3,1,107.74,107.74,2025-04-22 07:32:53
50385,135,18,2,482.88,965.76,2025-04-26 16:43:31
50386,161,11,6,195.56,1173.36,2025-04-19 20:17:45
50387,121,17,4,306.7,1226.8,2025-04-20 15:07:07
50388,159,3,6,24.52,147.12,2025-04-21 07:14:44
50389,131,16,2,304.56,609.12,2025-04-22 13:48:32
50390,162,15,2,137.13,274.26,2025-04-21 09:40:52
50391,120,6,7,147.03,1029.21,2025-04-26 19:47:40
50392,147,20,7,157.23,1100.61,2025-04-20 19:27:45
50393,149,10,9,274.26,2468.34,2025-04-27 12:58:12
50394,114,1,7,107.74,754.18,2025-04-22 05:51:24
50395,134,15,7,474.54,3321.78,2025-04-26 09:03:35
50396,141,6,5,62.78,313.9,2025-04-22 17:33:17
50397,110,18,4,354.62,1418.48,2025-04-25 12:26:48
50398,175,11,6,354.01,2124.06,2025-04-18 13:10:53
50399,194,14,1,281.52,281.52,2025-04-27 13:08:30
50400,163,15,8,414.71,3317.68,2025-04-20 06:29:39
50401,123,6,2,147.49,294.98,2025-04-18 17:08:58
50402,190,18,4,237.16,948.64,2025-04-27 14:25:46
50403,194,20,7,281.52,1970.64,2025-04-18 10:20:35
50404,137,3,5,153.7,768.5,2025-04-18 08:07:41
50405,124,19,2,184.45,368.9,2025-04-20 12:01:44
50406,133,7,6,34.4,206.4,2025-04-26 10:05:45
50407,119,8,7,217.11,1519.77,2025-04-24 05:48:06
50408,124,9,9,184.45,1660.05,2025-04-20 09:55:54
50409,160,10,4,164.01,656.04,2025-04-22 18:20:08
50410,170,5,3,493.47,1480.41,2025-04-19 04:08:04
50411,199,1,3,14.66,43.98,2025-04-27 12:08:34
50412,116,18,2,93.34,186.68,2025-04-22 16:17:21
50413,104,8,9,300.13,2701.17,2025-04-20 14:10:46
50414,193,3,4,380.87,1523.48,2025-04-21 17:12:57
50415,180,3,4,59.7,238.8,2025-04-24 02:05:43
50416,163,8,1,414.71,414.71,2025-04-27 15:58:38
50417,131,13,5,304.56,1522.8,2025-04-25 05:05:12
50418,188,14,4,319.5,1278,2025-04-25 19:21:04
50419,110,8,3,354.62,1063.86,2025-04-19 15:59:05
50420,175,3,4,354.01,1416.04,2025-04-21 03:19:49
50421,113,15,3,416.56,1249.68,2025-04-23 19:33:55
50422,120,1,4,147.03,588.12,2025-04-27 07:36:50
50423,200,14,8,55.73,445.84,2025-04-23 18:52:20
50424,135,7,3,482.88,1448.64,2025-04-27 02:36:26
50425,155,15,8,299.75,2398,2025-04-21 18:45:17
50426,174,15,6,408.1,2448.6,2025-04-27 10:38:02
50427,111,18,6,12.25,73.5,2025-04-20 00:16:48
50428,156,2,8,461.09,3688.72,2025-04-23 22:47:04
50429,189,14,4,443.83,1775.32,2025-04-26 08:01:05
50430,102,10,8,475.46,3803.68,2025-04-20 10:57:53
50431,140,17,9,221.2,1990.8,2025-04-25 00:00:26
50432,112,10,7,485.02,3395.14,2025-04-21 01:03:39
50433,163,6,2,414.71,829.42,2025-04-24 20:54:11
50434,129,13,3,297.02,891.06,2025-04-26 02:00:28
50435,151,4,7,484.85,3393.95,2025-04-25 23:46:32
50436,121,19,4,306.7,1226.8,2025-04-23 16:30:17
50437,119,5,7,217.11,1519.77,2025-04-18 10:32:15
50438,195,10,7,385.94,2701.58,2025-04-23 08:32:23
50439,139,15,5,342.75,1713.75,2025-04-24 15:26:46
50440,136,20,8,404.58,3236.64,2025-04-18 17:13:50
50441,182,20,6,312.4,1874.4,2025-04-24 12:05:29
50442,184,11,4,33.65,134.6,2025-04-18 03:43:03
50443,130,1,6,25.13,150.78,2025-04-22 05:29:42
50444,127,1,2,101.44,202.88,2025-04-22 22:19:46
50445,153,4,1,469.87,469.87,2025-04-22 08:43:36
50446,116,18,6,93.34,560.04,2025-04-21 15:36:22
50447,151,13,8,484.85,3878.8,2025-04-26 22:39:32
50448,141,16,7,62.78,439.46,2025-04-22 15:01:06
50449,123,20,6,147.49,884.94,2025-04-19 13:23:56
50450,175,7,2,354.01,708.02,2025-04-19 18:57:14
50451,106,14,6,79.69,478.14,2025-04-23 05:54:01
50452,137,1,7,153.7,1075.9,2025-04-24 12:47:27
50453,122,13,3,71.47,214.41,2025-04-24 04:30:00
50454,158,8,4,99.6,398.4,2025-04-27 05:23:21
50455,180,7,5,59.7,298.5,2025-04-25 18:35:42
50456,113,17,6,416.56,2499.36,2025-04-22 16:15:02
50457,113,16,3,416.56,1249.68,2025-04-26 06:51:26
50458,104,6,2,300.13,600.26,2025-04-23 22:52:30
50459,165,2,6,141.91,851.46,2025-04-21 06:02:03
50460,137,12,7,153.7,1075.9,2025-04-20 11:35:59
50461,164,16,1,179.66,179.66,2025-04-27 08:59:25
50462,173,1,1,4.75,4.75,2025-04-20 19:37:26
50463,139,9,1,342.75,342.75,2025-04-22 12:52:24
50464,148,15,5,260.99,1304.95,2025-04-25 12:47:43
50465,194,3,8,281.52,2252.16,2025-04-23 17:26:42
50466,183,6,1,166.79,166.79,2025-04-24 17:02:46
50467,135,17,4,482.88,1931.52,2025-04-21 09:24:58
50468,137,2,9,153.7,1383.3,2025-04-22 23:18:52
50469,157,3,7,46.07,322.49,2025-04-21 06:41:04
50470,123,12,3,147.49,442.47,2025-04-22 21:41:35
50471,145,17,2,130.87,261.74,2025-04-21 13:50:20
50472,170,14,3,493.47,1480.41,2025-04-20 14:41:08
50473,102,2,8,475.46,3803.68,2025-04-20 19:47:56
50474,160,8,7,164.01,1148.07,2025-04-23 23:45:29
50475,164,17,1,179.66,179.66,2025-04-26 19:54:24
50476,142,5,5,248.6,1243,2025-04-23 14:04:15
50477,192,14,3,357.2,1071.6,2025-04-23 04:40:17
50478,196,15,4,247.91,991.64,2025-04-19 22:32:04
50479,136,2,7,404.58,2832.06,2025-04-20 10:36:23
50480,130,8,8,25.13,201.04,2025-04-22 02:13:25
50481,155,13,6,299.75,1798.5,2025-04-23 13:55:24
50482,183,6,2,166.79,333.58,2025-04-20 10:21:31
50483,150,20,7,94.06,658.42,2025-04-22 18:56:36
50484,165,19,6,141.91,851.46,2025-04-25 03:31:23
50485,153,2,5,469.87,2349.35,2025-04-22 12:14:34
50486,136,20,2,404.58,809.16,2025-04-18 04:49:10
50487,163,11,8,414.71,3317.68,2025-04-20 23:17:51
50488,120,3,9,147.03,1323.27,2025-04-22 01:44:14
50489,162,19,5,137.13,685.65,2025-04-20 11:04:27
50490,139,5,3,342.75,1028.25,2025-04-24 16:01:53
50491,151,5,4,484.85,1939.4,2025-04-21 17:14:45
50492,183,10,8,166.79,1334.32,2025-04-23 13:30:52
50493,179,10,6,180.52,1083.12,2025-04-21 11:10:58
50494,184,9,8,33.65,269.2,2025-04-27 23:52:21
50495,171,4,7,386.58,2706.06,2025-04-23 12:46:27
50496,114,8,4,107.74,430.96,2025-04-21 13:06:56
50497,116,13,6,93.34,560.04,2025-04-22 13:34:47
50498,129,9,4,297.02,1188.08,2025-04-21 02:16:14
50499,176,7,8,365.05,2920.4,2025-04-20 08:00:36
50500,140,4,2,221.2,442.4,2025-04-25 05:47:21
50501,125,4,6,229.12,1374.72,2025-04-21 04:24:45
50502,114,12,1,107.74,107.74,2025-04-25 10:58:21
50503,169,10,2,39.13,78.26,2025-04-27 12:53:30
50504,114,18,2,107.74,215.48,2025-04-24 22:19:13
50505,188,2,3,319.5,958.5,2025-04-19 22:39:03
50506,164,19,4,179.66,718.64,2025-04-25 09:56:46
50507,108,14,9,433.36,3900.24,2025-04-20 19:02:27
50508,136,20,4,404.58,1618.32,2025-04-23 22:10:55
50509,113,20,6,416.56,2499.36,2025-04-25 15:07:51
50510,164,7,2,179.66,359.32,2025-04-23 23:54:39
50511,159,3,9,24.52,220.68,2025-04-27 20:00:13
50512,133,16,2,34.4,68.8,2025-04-26 08:30:42
50513,110,5,1,354.62,354.62,2025-04-20 23:46:48
50514,197,12,7,262.32,1836.24,2025-04-21 15:17:33
50515,123,8,4,147.49,589.96,2025-04-21 01:13:31
50516,129,20,6,297.02,1782.12,2025-04-25 02:36:19
50517,131,1,4,304.56,1218.24,2025-04-19 07:03:39
50518,183,17,7,166.79,1167.53,2025-04-18 11:36:17
50519,124,1,6,184.45,1106.7,2025-04-18 13:46:02
50520,116,9,6,93.34,560.04,2025-04-20 22:47:38
50521,155,14,1,299.75,299.75,2025-04-27 11:15:45
50522,170,10,1,493.47,493.47,2025-04-24 09:46:11
50523,143,9,4,19.13,76.52,2025-04-25 13:21:04
50524,164,18,2,179.66,359.32,2025-04-19 01:18:07
50525,171,18,3,386.58,1159.74,2025-04-18 03:37:29
50526,110,17,9,354.62,3191.58,2025-04-20 20:55:21
50527,130,9,6,25.13,150.78,2025-04-22 19:34:21
50528,185,18,5,156.87,784.35,2025-04-21 10:27:01
50529,137,19,5,153.7,768.5,2025-04-27 16:24:01
50530,144,18,8,454.84,3638.72,2025-04-20 13:16:33
50531,161,4,8,195.56,1564.48,2025-04-26 15:29:40
50532,125,6,8,229.12,1832.96,2025-04-19 04:03:43
50533,112,3,1,485.02,485.02,2025-04-18 16:21:48
50534,195,8,7,385.94,2701.58,2025-04-22 22:42:01
50535,196,2,4,247.91,991.64,2025-04-23 19:09:58
50536,154,15,1,447.62,447.62,2025-04-24 21:25:45
50537,191,4,3,61.56,184.68,2025-04-19 13:05:44
50538,111,14,2,12.25,24.5,2025-04-26 03:21:18
50539,171,4,4,386.58,1546.32,2025-04-27 12:28:16
50540,153,10,7,469.87,3289.09,2025-04-18 21:07:28
50541,119,15,4,217.11,868.44,2025-04-20 12:14:48
50542,185,1,2,156.87,313.74,2025-04-23 14:37:07
50543,101,15,8,188.52,1508.16,2025-04-22 04:33:46
50544,143,6,9,19.13,172.17,2025-04-23 23:45:05
50545,122,16,3,71.47,214.41,2025-04-24 05:06:05
50546,198,11,5,214.92,1074.6,2025-04-25 18:50:51
50547,135,9,5,482.88,2414.4,2025-04-21 19:58:18
50548,127,3,7,101.44,710.08,2025-04-27 02:43:19
50549,189,15,2,443.83,887.66,2025-04-21 00:02:45
50550,122,16,7,71.47,500.29,2025-04-23 21:55:37
50551,126,2,3,393.02,1179.06,2025-04-22 07:36:00
50552,118,11,7,263.33,1843.31,2025-04-23 17:09:07
50553,108,20,5,433.36,2166.8,2025-04-18 15:08:10
50554,136,19,2,404.58,809.16,2025-04-27 15:06:25
50555,113,14,7,416.56,2915.92,2025-04-19 00:29:49
50556,173,7,1,4.75,4.75,2025-04-25 15:44:16
50557,130,16,4,25.13,100.52,2025-04-24 06:48:16
50558,102,16,8,475.46,3803.68,2025-04-20 16:11:46
50559,176,14,8,365.05,2920.4,2025-04-18 20:09:57
50560,104,20,1,300.13,300.13,2025-04-20 10:14:55
50561,185,19,8,156.87,1254.96,2025-04-23 13:09:33
50562,147,5,5,157.23,786.15,2025-04-19 14:14:56
50563,130,3,7,25.13,175.91,2025-04-22 02:43:31
50564,140,8,9,221.2,1990.8,2025-04-24 22:07:48
50565,174,14,6,408.1,2448.6,2025-04-22 17:27:36
50566,124,20,1,184.45,184.45,2025-04-18 08:30:52
50567,162,20,9,137.13,1234.17,2025-04-20 21:49:34
50568,123,19,1,147.49,147.49,2025-04-20 20:32:00
50569,144,3,1,454.84,454.84,2025-04-26 14:59:12
50570,170,14,2,493.47,986.94,2025-04-18 17:45:51
50571,196,11,7,247.91,1735.37,2025-04-20 08:42:10
50572,199,12,4,14.66,58.64,2025-04-20 16:10:27
50573,155,11,2,299.75,599.5,2025-04-25 22:34:50
50574,129,1,5,297.02,1485.1,2025-04-23 22:13:50
50575,130,18,8,25.13,201.04,2025-04-26 01:37:06
50576,130,14,2,25.13,50.26,2025-04-20 00:09:27
50577,113,2,8,416.56,3332.48,2025-04-19 04:13:38
50578,129,10,6,297.02,1782.12,2025-04-20 06:38:07
50579,123,13,3,147.49,442.47,2025-04-19 12:26:18
50580,160,12,6,164.01,984.06,2025-04-20 16:25:58
50581,133,11,7,34.4,240.8,2025-04-19 10:49:04
50582,155,3,6,299.75,1798.5,2025-04-18 14:59:39
50583,174,6,8,408.1,3264.8,2025-04-25 22:54:43
50584,139,2,7,342.75,2399.25,2025-04-23 23:29:30
50585,112,4,6,485.02,2910.12,2025-04-26 06:29:55
50586,158,6,2,99.6,199.2,2025-04-27 05:46:02
50587,135,11,1,482.88,482.88,2025-04-22 10:04:40
50588,157,16,8,46.07,368.56,2025-04-22 17:10:07
50589,128,5,1,258.09,258.09,2025-04-21 01:39:46
50590,173,12,7,4.75,33.25,2025-04-22 01:16:59
50591,171,11,2,386.58,773.16,2025-04-20 18:01:12
50592,124,14,2,184.45,368.9,2025-04-23 10:16:36
50593,108,10,8,433.36,3466.88,2025-04-22 09:44:35
50594,107,16,8,30.93,247.44,2025-04-24 00:12:35
50595,190,12,2,237.16,474.32,2025-04-26 22:08:33
50596,196,10,4,247.91,991.64,2025-04-25 08:58:09
50597,103,6,7,366.53,2565.71,2025-04-24 01:34:20
50598,162,20,4,137.13,548.52,2025-04-18 06:53:19
50599,190,5,4,237.16,948.64,2025-04-20 07:37:22
50600,159,16,4,24.52,98.08,2025-04-24 18:30:45
50601,141,9,2,62.78,125.56,2025-04-26 15:12:18
50602,125,11,9,229.12,2062.08,2025-04-23 21:35:26
50603,188,2,1,319.5,319.5,2025-04-18 05:39:36
50604,106,4,4,79.69,318.76,2025-04-25 16:13:24
50605,159,1,3,24.52,73.56,2025-04-26 05:49:19
50606,150,17,7,94.06,658.42,2025-04-23 18:58:49
50607,137,7,7,153.7,1075.9,2025-04-25 15:49:38
50608,177,18,8,386.09,3088.72,2025-04-19 18:43:36
50609,168,15,4,401.49,1605.96,2025-04-23 05:13:56
50610,122,19,6,71.47,428.82,2025-04-22 10:48:58
50611,147,17,1,157.23,157.23,2025-04-20 19:26:19
50612,118,14,9,263.33,2369.97,2025-04-27 23:56:52
50613,164,13,1,179.66,179.66,2025-04-22 09:17:36
50614,149,19,2,274.26,548.52,2025-04-26 04:05:59
50615,150,11,4,94.06,376.24,2025-04-27 17:15:15
50616,134,3,1,474.54,474.54,2025-04-22 17:29:00
50617,192,16,2,357.2,714.4,2025-04-22 02:41:04
50618,102,13,3,475.46,1426.38,2025-04-21 05:44:06
50619,103,14,3,366.53,1099.59,2025-04-19 01:47:06
50620,163,10,5,414.71,2073.55,2025-04-19 15:16:44
50621,159,6,1,24.52,24.52,2025-04-22 03:28:33
50622,193,19,8,380.87,3046.96,2025-04-22 23:35:37
50623,102,3,4,475.46,1901.84,2025-04-24 15:42:04
50624,177,15,1,386.09,386.09,2025-04-22 00:47:22
50625,178,17,1,38.87,38.87,2025-04-25 15:12:03
50626,156,15,1,461.09,461.09,2025-04-18 09:29:18
50627,125,16,4,229.12,916.48,2025-04-18 21:48:55
50628,191,20,7,61.56,430.92,2025-04-20 13:15:24
50629,193,18,2,380.87,761.74,2025-04-19 04:30:08
50630,199,2,2,14.66,29.32,2025-04-25 18:05:33
50631,122,20,4,71.47,285.88,2025-04-26 16:15:34
50632,147,10,8,157.23,1257.84,2025-04-26 06:39:49
50633,171,13,7,386.58,2706.06,2025-04-18 00:57:26
50634,171,19,9,386.58,3479.22,2025-04-26 17:19:45
50635,150,13,7,94.06,658.42,2025-04-22 15:33:19
50636,165,1,8,141.91,1135.28,2025-04-18 13:41:24
50637,181,15,4,431.83,1727.32,2025-04-23 05:06:23
50638,107,1,4,30.93,123.72,2025-04-24 06:06:47
50639,126,18,9,393.02,3537.18,2025-04-23 00:19:10
50640,134,18,6,474.54,2847.24,2025-04-22 10:46:15
50641,174,5,7,408.1,2856.7,2025-04-18 13:04:04
50642,120,13,4,147.03,588.12,2025-04-20 16:46:28
50643,135,5,1,482.88,482.88,2025-04-19 08:07:27
50644,161,8,4,195.56,782.24,2025-04-20 21:48:29
50645,180,15,8,59.7,477.6,2025-04-26 20:05:03
50646,192,3,1,357.2,357.2,2025-04-22 21:00:42
50647,196,8,4,247.91,991.64,2025-04-18 07:36:35
50648,176,16,1,365.05,365.05,2025-04-24 07:53:11
50649,142,4,1,248.6,248.6,2025-04-26 00:30:59
50650,173,13,4,4.75,19,2025-04-25 03:01:44
50651,118,11,5,263.33,1316.65,2025-04-21 03:15:40
50652,113,11,7,416.56,2915.92,2025-04-18 03:57:46
50653,197,11,9,262.32,2360.88,2025-04-22 02:35:55
50654,123,12,5,147.49,737.45,2025-04-20 06:36:33
50655,142,16,9,248.6,2237.4,2025-04-26 10:37:06
50656,110,3,9,354.62,3191.58,2025-04-19 03:54:42
50657,189,16,6,443.83,2662.98,2025-04-27 11:58:32
50658,173,4,8,4.75,38,2025-04-24 12:07:53
50659,152,13,5,388.02,1940.1,2025-04-19 13:38:03
50660,173,8,2,4.75,9.5,2025-04-27 08:31:04
50661,114,7,7,107.74,754.18,2025-04-20 22:43:40
50662,153,4,7,469.87,3289.09,2025-04-25 01:58:47
50663,121,12,5,306.7,1533.5,2025-04-22 04:23:55
50664,105,5,4,79.7,318.8,2025-04-22 20:28:51
50665,109,9,1,301.36,301.36,2025-04-22 18:00:49
50666,164,10,2,179.66,359.32,2025-04-22 14:18:35
50667,157,13,8,46.07,368.56,2025-04-19 11:23:42
50668,173,3,1,4.75,4.75,2025-04-19 22:25:39
50669,135,7,9,482.88,4345.92,2025-04-24 00:31:54
50670,175,3,5,354.01,1770.05,2025-04-25 11:47:28
50671,149,5,6,274.26,1645.56,2025-04-19 09:26:35
50672,159,16,7,24.52,171.64,2025-04-18 17:26:07
50673,153,9,2,469.87,939.74,2025-04-25 18:07:23
50674,152,1,1,388.02,388.02,2025-04-26 13:44:24
50675,171,4,5,386.58,1932.9,2025-04-21 10:15:04
50676,187,5,5,365.34,1826.7,2025-04-25 21:43:59
50677,175,3,2,354.01,708.02,2025-04-20 16:48:09
50678,135,19,9,482.88,4345.92,2025-04-18 01:17:48
50679,190,17,8,237.16,1897.28,2025-04-25 06:56:00
50680,136,14,8,404.58,3236.64,2025-04-26 09:40:31
50681,125,11,5,229.12,1145.6,2025-04-23 19:51:45
50682,114,10,2,107.74,215.48,2025-04-24 15:04:00
50683,200,15,2,55.73,111.46,2025-04-26 16:20:37
50684,189,16,1,443.83,443.83,2025-04-22 11:51:08
50685,103,8,5,366.53,1832.65,2025-04-22 20:55:22
50686,190,1,7,237.16,1660.12,2025-04-21 08:28:00
50687,163,2,7,414.71,2902.97,2025-04-25 15:46:13
50688,152,20,7,388.02,2716.14,2025-04-21 19:12:41
50689,120,1,2,147.03,294.06,2025-04-27 08:33:56
50690,112,13,8,485.02,3880.16,2025-04-26 17:23:07
50691,177,15,1,386.09,386.09,2025-04-27 20:04:01
50692,198,13,8,214.92,1719.36,2025-04-20 09:59:39
50693,115,3,9,92.55,832.95,2025-04-21 20:35:38
50694,178,14,4,38.87,155.48,2025-04-26 14:07:27
50695,108,3,5,433.36,2166.8,2025-04-22 03:16:01
50696,191,3,1,61.56,61.56,2025-04-21 05:02:36
50697,177,14,1,386.09,386.09,2025-04-22 18:11:43
50698,103,14,7,366.53,2565.71,2025-04-27 03:54:15
50699,132,15,7,86.92,608.44,2025-04-21 20:10:35
50700,116,2,9,93.34,840.06,2025-04-27 21:54:01
50701,196,9,4,247.91,991.64,2025-04-25 22:51:20
50702,195,1,7,385.94,2701.58,2025-04-24 13:09:56
50703,132,1,2,86.92,173.84,2025-04-19 13:11:10
50704,188,17,9,319.5,2875.5,2025-04-27 16:14:20
50705,125,6,4,229.12,916.48,2025-04-19 06:58:48
50706,121,3,3,306.7,920.1,2025-04-27 16:21:57
50707,189,3,8,443.83,3550.64,2025-04-21 08:21:35
50708,101,14,4,188.52,754.08,2025-04-19 00:46:07
50709,133,15,2,34.4,68.8,2025-04-26 11:29:26
50710,200,6,4,55.73,222.92,2025-04-19 00:36:42
50711,136,20,1,404.58,404.58,2025-04-27 03:11:13
50712,110,19,6,354.62,2127.72,2025-04-18 04:21:52
50713,191,4,8,61.56,492.48,2025-04-19 11:16:42
50714,167,11,2,72.18,144.36,2025-04-26 17:42:18
50715,144,15,6,454.84,2729.04,2025-04-27 17:28:14
50716,134,4,2,474.54,949.08,2025-04-18 18:38:23
50717,163,6,3,414.71,1244.13,2025-04-25 20:14:49
50718,138,16,4,50.64,202.56,2025-04-20 16:17:11
50719,191,11,2,61.56,123.12,2025-04-24 06:15:48
50720,179,13,1,180.52,180.52,2025-04-22 00:04:37
50721,166,18,3,272.26,816.78,2025-04-18 19:57:24
50722,137,11,1,153.7,153.7,2025-04-21 07:32:12
50723,188,1,9,319.5,2875.5,2025-04-24 18:31:36
50724,192,12,5,357.2,1786,2025-04-23 08:45:01
50725,167,10,8,72.18,577.44,2025-04-27 13:40:28
50726,183,3,1,166.79,166.79,2025-04-24 07:06:46
50727,188,5,3,319.5,958.5,2025-04-26 21:39:59
50728,160,19,5,164.01,820.05,2025-04-22 21:47:18
50729,114,12,4,107.74,430.96,2025-04-23 10:31:29
50730,171,6,3,386.58,1159.74,2025-04-24 04:52:16
50731,163,16,7,414.71,2902.97,2025-04-20 09:01:33
50732,175,5,2,354.01,708.02,2025-04-24 20:56:13
50733,178,3,9,38.87,349.83,2025-04-20 21:39:07
50734,115,13,7,92.55,647.85,2025-04-20 07:16:40
50735,180,17,6,59.7,358.2,2025-04-18 22:22:19
50736,168,14,3,401.49,1204.47,2025-04-27 19:28:55
50737,187,8,6,365.34,2192.04,2025-04-25 15:10:11
50738,160,6,3,164.01,492.03,2025-04-25 01:36:53
50739,155,7,9,299.75,2697.75,2025-04-19 00:48:10
50740,126,20,5,393.02,1965.1,2025-04-19 16:36:31
50741,141,20,3,62.78,188.34,2025-04-21 00:33:10
50742,140,18,8,221.2,1769.6,2025-04-18 07:37:42
50743,130,20,8,25.13,201.04,2025-04-21 06:31:51
50744,173,12,5,4.75,23.75,2025-04-18 14:08:59
50745,140,15,3,221.2,663.6,2025-04-21 14:42:44
50746,125,1,5,229.12,1145.6,2025-04-22 08:02:45
50747,121,1,4,306.7,1226.8,2025-04-20 11:17:18
50748,177,13,8,386.09,3088.72,2025-04-22 03:34:24
50749,116,2,1,93.34,93.34,2025-04-24 20:18:47
50750,165,8,1,141.91,141.91,2025-04-19 19:53:41
50751,179,13,1,180.52,180.52,2025-04-19 18:41:51
50752,158,18,6,99.6,597.6,2025-04-24 02:57:32
50753,119,14,8,217.11,1736.88,2025-04-21 20:29:30
50754,192,8,6,357.2,2143.2,2025-04-24 20:38:00
50755,128,20,6,258.09,1548.54,2025-04-23 00:07:16
50756,170,7,3,493.47,1480.41,2025-04-23 20:38:19
50757,125,11,1,229.12,229.12,2025-04-20 08:24:22
50758,111,5,9,12.25,110.25,2025-04-24 09:46:41
50759,107,20,6,30.93,185.58,2025-04-22 14:58:40
50760,200,15,6,55.73,334.38,2025-04-24 16:43:22
50761,134,10,9,474.54,4270.86,2025-04-27 00:25:08
50762,103,13,4,366.53,1466.12,2025-04-22 16:20:30
50763,167,4,3,72.18,216.54,2025-04-20 21:42:45
50764,198,6,2,214.92,429.84,2025-04-23 11:51:52
50765,162,5,6,137.13,822.78,2025-04-18 18:24:28
50766,145,14,3,130.87,392.61,2025-04-27 11:32:15
50767,128,20,8,258.09,2064.72,2025-04-27 21:43:03
50768,150,17,7,94.06,658.42,2025-04-21 00:28:41
50769,131,9,2,304.56,609.12,2025-04-27 15:34:05
50770,160,15,3,164.01,492.03,2025-04-24 22:21:22
50771,197,5,1,262.32,262.32,2025-04-22 14:19:18
50772,142,14,1,248.6,248.6,2025-04-21 01:11:25
50773,112,17,8,485.02,3880.16,2025-04-28 00:31:50
50774,180,16,7,59.7,417.9,2025-04-26 13:28:53
50775,116,13,9,93.34,840.06,2025-04-19 02:16:40
50776,107,3,8,30.93,247.44,2025-04-21 20:12:30
50777,195,8,4,385.94,1543.76,2025-04-21 14:49:52
50778,115,6,7,92.55,647.85,2025-04-20 23:41:25
50779,176,8,9,365.05,3285.45,2025-04-25 00:30:29
50780,127,14,9,101.44,912.96,2025-04-18 05:56:47
50781,175,7,8,354.01,2832.08,2025-04-26 07:53:24
50782,170,7,3,493.47,1480.41,2025-04-21 23:40:28
50783,159,3,7,24.52,171.64,2025-04-18 02:37:28
50784,170,15,9,493.47,4441.23,2025-04-26 16:17:50
50785,179,2,9,180.52,1624.68,2025-04-25 19:28:33
50786,123,10,9,147.49,1327.41,2025-04-27 18:20:44
50787,150,11,3,94.06,282.18,2025-04-27 03:13:45
50788,192,10,9,357.2,3214.8,2025-04-25 11:31:20
50789,127,20,6,101.44,608.64,2025-04-26 08:33:44
50790,102,2,6,475.46,2852.76,2025-04-27 01:23:07
50791,137,17,7,153.7,1075.9,2025-04-25 18:51:32
50792,200,18,8,55.73,445.84,2025-04-20 07:54:34
50793,157,18,1,46.07,46.07,2025-04-26 01:08:41
50794,134,1,8,474.54,3796.32,2025-04-20 05:14:31
50795,195,18,5,385.94,1929.7,2025-04-19 22:18:46
50796,170,6,5,493.47,2467.35,2025-04-20 12:49:53
50797,188,4,1,319.5,319.5,2025-04-25 14:01:10
50798,105,14,8,79.7,637.6,2025-04-25 16:52:26
50799,144,12,4,454.84,1819.36,2025-04-24 20:05:10
50800,153,2,8,469.87,3758.96,2025-04-19 09:30:29
50801,198,14,8,214.92,1719.36,2025-04-19 00:00:01
50802,121,12,2,306.7,613.4,2025-04-24 07:16:15
50803,151,12,3,484.85,1454.55,2025-04-18 10:08:33
50804,103,9,3,366.53,1099.59,2025-04-25 21:56:51
50805,175,3,6,354.01,2124.06,2025-04-18 08:41:18
50806,122,4,4,71.47,285.88,2025-04-21 16:14:52
50807,117,8,7,153.51,1074.57,2025-04-19 08:13:11
50808,156,12,1,461.09,461.09,2025-04-27 02:59:30
50809,122,20,6,71.47,428.82,2025-04-21 07:05:37
50810,147,9,1,157.23,157.23,2025-04-22 04:24:06
50811,120,7,1,147.03,147.03,2025-04-20 00:52:18
50812,188,3,5,319.5,1597.5,2025-04-25 21:26:39
50813,139,15,1,342.75,342.75,2025-04-26 19:01:53
50814,131,4,2,304.56,609.12,2025-04-21 16:29:12
50815,107,12,3,30.93,92.79,2025-04-23 01:06:42
50816,159,11,6,24.52,147.12,2025-04-20 18:05:15
50817,180,11,8,59.7,477.6,2025-04-19 16:10:18
50818,131,20,2,304.56,609.12,2025-04-27 04:03:10
50819,130,20,5,25.13,125.65,2025-04-27 11:17:10
50820,144,14,7,454.84,3183.88,2025-04-27 16:51:11
50821,167,6,3,72.18,216.54,2025-04-20 23:30:54
50822,185,14,7,156.87,1098.09,2025-04-26 17:34:34
50823,187,19,9,365.34,3288.06,2025-04-26 01:41:48
50824,153,10,2,469.87,939.74,2025-04-22 17:04:50
50825,195,9,8,385.94,3087.52,2025-04-18 18:45:10
50826,134,14,7,474.54,3321.78,2025-04-25 13:40:38
50827,198,18,2,214.92,429.84,2025-04-20 06:49:43
50828,200,2,2,55.73,111.46,2025-04-24 18:59:55
50829,148,3,8,260.99,2087.92,2025-04-24 18:32:18
50830,144,16,2,454.84,909.68,2025-04-22 00:03:35
50831,126,19,1,393.02,393.02,2025-04-26 11:39:35
50832,142,19,2,248.6,497.2,2025-04-23 14:26:10
50833,134,13,1,474.54,474.54,2025-04-18 22:21:13
50834,179,4,4,180.52,722.08,2025-04-21 23:22:44
50835,156,16,1,461.09,461.09,2025-04-20 16:09:04
50836,127,6,1,101.44,101.44,2025-04-19 06:20:32
50837,119,17,9,217.11,1953.99,2025-04-21 17:08:30
50838,196,20,8,247.91,1983.28,2025-04-25 12:26:38
50839,185,2,6,156.87,941.22,2025-04-20 15:35:59
50840,117,4,3,153.51,460.53,2025-04-21 20:07:38
50841,117,20,9,153.51,1381.59,2025-04-24 09:55:58
50842,102,10,9,475.46,4279.14,2025-04-21 17:50:05
50843,122,19,4,71.47,285.88,2025-04-24 18:38:30
50844,158,15,6,99.6,597.6,2025-04-22 17:50:08
50845,125,4,5,229.12,1145.6,2025-04-24 05:22:20
50846,117,18,6,153.51,921.06,2025-04-27 11:02:30
50847,153,1,6,469.87,2819.22,2025-04-21 07:24:09
50848,193,18,9,380.87,3427.83,2025-04-24 03:06:03
50849,188,9,8,319.5,2556,2025-04-24 12:07:03
50850,168,16,8,401.49,3211.92,2025-04-24 09:10:40
50851,137,13,5,153.7,768.5,2025-04-22 16:06:19
50852,186,15,8,163.94,1311.52,2025-04-25 00:56:22
50853,154,6,2,447.62,895.24,2025-04-24 12:29:54
50854,166,9,1,272.26,272.26,2025-04-19 04:41:00
50855,111,15,6,12.25,73.5,2025-04-18 11:33:51
50856,134,15,5,474.54,2372.7,2025-04-18 09:36:43
50857,136,2,3,404.58,1213.74,2025-04-27 23:42:13
50858,129,10,4,297.02,1188.08,2025-04-19 04:33:00
50859,199,9,3,14.66,43.98,2025-04-20 09:01:59
50860,115,5,8,92.55,740.4,2025-04-23 09:41:32
50861,143,17,4,19.13,76.52,2025-04-21 21:57:21
50862,136,15,6,404.58,2427.48,2025-04-21 17:43:25
50863,168,6,6,401.49,2408.94,2025-04-27 12:31:56
50864,140,15,9,221.2,1990.8,2025-04-24 23:50:14
50865,181,9,8,431.83,3454.64,2025-04-23 10:19:38
50866,107,7,6,30.93,185.58,2025-04-23 21:38:34
50867,196,10,6,247.91,1487.46,2025-04-25 07:03:53
50868,183,6,5,166.79,833.95,2025-04-26 21:10:49
50869,120,2,9,147.03,1323.27,2025-04-24 13:51:44
50870,166,5,6,272.26,1633.56,2025-04-26 08:46:02
50871,110,3,7,354.62,2482.34,2025-04-24 04:26:15
50872,101,8,6,188.52,1131.12,2025-04-27 10:03:13
50873,117,5,8,153.51,1228.08,2025-04-20 19:49:07
50874,147,10,8,157.23,1257.84,2025-04-24 22:20:54
50875,186,8,4,163.94,655.76,2025-04-20 04:49:33
50876,182,16,7,312.4,2186.8,2025-04-22 11:24:29
50877,103,7,1,366.53,366.53,2025-04-20 09:20:53
50878,137,3,3,153.7,461.1,2025-04-21 15:43:32
50879,187,6,9,365.34,3288.06,2025-04-27 20:06:13
50880,197,17,1,262.32,262.32,2025-04-21 16:50:29
50881,124,1,9,184.45,1660.05,2025-04-27 01:05:17
50882,142,18,2,248.6,497.2,2025-04-24 11:26:22
50883,183,10,6,166.79,1000.74,2025-04-18 15:12:47
50884,142,1,8,248.6,1988.8,2025-04-20 18:53:33
50885,114,6,7,107.74,754.18,2025-04-27 17:03:02
50886,136,19,4,404.58,1618.32,2025-04-27 12:26:37
50887,161,9,1,195.56,195.56,2025-04-26 06:29:13
50888,110,5,3,354.62,1063.86,2025-04-18 22:40:57
50889,107,9,1,30.93,30.93,2025-04-20 03:35:11
50890,144,7,8,454.84,3638.72,2025-04-24 10:09:33
50891,129,13,2,297.02,594.04,2025-04-27 17:44:36
50892,108,2,5,433.36,2166.8,2025-04-18 12:49:11
50893,120,15,6,147.03,882.18,2025-04-21 08:43:23
50894,123,20,1,147.49,147.49,2025-04-27 21:59:53
50895,167,18,2,72.18,144.36,2025-04-25 21:33:21
50896,112,2,5,485.02,2425.1,2025-04-20 01:55:49
50897,128,8,5,258.09,1290.45,2025-04-26 07:50:14
50898,178,13,6,38.87,233.22,2025-04-23 13:41:27
50899,163,20,6,414.71,2488.26,2025-04-23 21:24:46
50900,161,15,9,195.56,1760.04,2025-04-26 03:48:49
50901,183,20,1,166.79,166.79,2025-04-20 08:36:02
50902,174,5,1,408.1,408.1,2025-04-25 18:31:46
50903,172,3,4,100.96,403.84,2025-04-25 21:57:20
50904,138,17,1,50.64,50.64,2025-04-23 23:43:00
50905,136,9,3,404.58,1213.74,2025-04-20 19:13:37
50906,183,15,5,166.79,833.95,2025-04-27 20:50:52
50907,177,1,8,386.09,3088.72,2025-04-27 21:41:15
50908,186,20,3,163.94,491.82,2025-04-23 10:19:58
50909,140,6,3,221.2,663.6,2025-04-26 00:19:27
50910,112,11,3,485.02,1455.06,2025-04-19 03:03:48
50911,146,16,8,331.94,2655.52,2025-04-26 16:37:42
50912,108,4,4,433.36,1733.44,2025-04-19 08:18:49
50913,153,14,7,469.87,3289.09,2025-04-21 14:39:33
50914,187,5,4,365.34,1461.36,2025-04-25 21:54:16
50915,192,5,7,357.2,2500.4,2025-04-23 22:00:20
50916,134,20,2,474.54,949.08,2025-04-18 04:28:06
50917,118,11,6,263.33,1579.98,2025-04-20 16:22:09
50918,143,16,6,19.13,114.78,2025-04-19 07:06:11
50919,104,17,7,300.13,2100.91,2025-04-22 05:42:41
50920,107,4,1,30.93,30.93,2025-04-19 03:57:25
50921,114,6,9,107.74,969.66,2025-04-18 15:56:06
50922,175,20,2,354.01,708.02,2025-04-22 12:16:01
50923,177,3,9,386.09,3474.81,2025-04-21 15:34:13
50924,183,17,4,166.79,667.16,2025-04-23 23:09:39
50925,116,16,7,93.34,653.38,2025-04-22 13:09:44
50926,112,13,6,485.02,2910.12,2025-04-20 05:51:10
50927,193,13,8,380.87,3046.96,2025-04-24 04:18:24
50928,148,5,7,260.99,1826.93,2025-04-25 07:13:09
50929,142,2,3,248.6,745.8,2025-04-27 02:46:53
50930,148,18,2,260.99,521.98,2025-04-24 14:49:04
50931,176,19,2,365.05,730.1,2025-04-21 01:04:20
50932,135,7,5,482.88,2414.4,2025-04-24 11:04:58
50933,121,6,2,306.7,613.4,2025-04-18 08:09:26
50934,117,11,8,153.51,1228.08,2025-04-28 00:20:30
50935,166,13,3,272.26,816.78,2025-04-26 12:01:57
50936,115,19,8,92.55,740.4,2025-04-22 06:59:12
50937,146,16,2,331.94,663.88,2025-04-19 02:35:31
50938,198,6,5,214.92,1074.6,2025-04-25 03:39:26
50939,166,12,1,272.26,272.26,2025-04-22 11:08:09
50940,121,3,4,306.7,1226.8,2025-04-27 00:30:18
50941,183,1,1,166.79,166.79,2025-04-21 05:59:16
50942,200,3,5,55.73,278.65,2025-04-19 12:16:52
50943,184,12,5,33.65,168.25,2025-04-19 06:58:01
50944,149,15,5,274.26,1371.3,2025-04-24 06:31:02
50945,107,12,9,30.93,278.37,2025-04-23 21:10:07
50946,170,7,5,493.47,2467.35,2025-04-25 03:35:52
50947,190,11,7,237.16,1660.12,2025-04-21 20:05:53
50948,135,8,3,482.88,1448.64,2025-04-24 00:03:18
50949,137,10,8,153.7,1229.6,2025-04-20 23:27:23
50950,152,18,5,388.02,1940.1,2025-04-23 02:00:48
50951,103,16,5,366.53,1832.65,2025-04-22 07:55:44
50952,137,8,1,153.7,153.7,2025-04-25 23:01:27
50953,144,6,7,454.84,3183.88,2025-04-19 04:08:25
50954,197,6,6,262.32,1573.92,2025-04-24 13:48:43
50955,119,6,4,217.11,868.44,2025-04-26 19:19:50
50956,108,18,1,433.36,433.36,2025-04-23 13:00:05
50957,106,12,1,79.69,79.69,2025-04-26 16:23:57
50958,186,14,7,163.94,1147.58,2025-04-22 07:53:52
50959,160,20,6,164.01,984.06,2025-04-26 21:49:22
50960,105,5,1,79.7,79.7,2025-04-22 03:59:46
50961,153,6,8,469.87,3758.96,2025-04-26 07:15:42
50962,181,8,3,431.83,1295.49,2025-04-22 00:22:34
50963,184,11,9,33.65,302.85,2025-04-25 07:47:17
50964,122,3,4,71.47,285.88,2025-04-21 03:41:33
50965,157,15,7,46.07,322.49,2025-04-21 03:41:12
50966,152,2,6,388.02,2328.12,2025-04-20 13:51:16
50967,106,8,8,79.69,637.52,2025-04-27 13:32:35
50968,149,3,8,274.26,2194.08,2025-04-24 21:31:05
50969,185,13,1,156.87,156.87,2025-04-22 18:30:19
50970,135,12,2,482.88,965.76,2025-04-18 22:34:30
50971,189,20,8,443.83,3550.64,2025-04-18 21:10:06
50972,167,6,5,72.18,360.9,2025-04-22 08:19:53
50973,166,2,1,272.26,272.26,2025-04-25 11:22:56
50974,101,9,6,188.52,1131.12,2025-04-21 18:06:58
50975,162,6,1,137.13,137.13,2025-04-19 07:54:31
50976,116,3,7,93.34,653.38,2025-04-18 15:04:35
50977,199,1,3,14.66,43.98,2025-04-27 14:16:15
50978,160,1,5,164.01,820.05,2025-04-23 15:29:06
50979,190,1,2,237.16,474.32,2025-04-24 17:29:03
50980,149,2,6,274.26,1645.56,2025-04-22 03:16:30
50981,149,4,4,274.26,1097.04,2025-04-26 18:20:48
50982,118,13,2,263.33,526.66,2025-04-27 10:33:08
50983,125,16,5,229.12,1145.6,2025-04-22 06:11:09
50984,195,20,4,385.94,1543.76,2025-04-27 04:29:00
50985,114,13,6,107.74,646.44,2025-04-18 13:01:41
50986,144,5,5,454.84,2274.2,2025-04-20 21:42:43
50987,101,2,4,188.52,754.08,2025-04-21 03:40:07
50988,146,16,1,331.94,331.94,2025-04-19 01:32:42
50989,165,6,3,141.91,425.73,2025-04-23 02:27:36
50990,190,10,8,237.16,1897.28,2025-04-19 13:48:58
50991,149,8,6,274.26,1645.56,2025-04-22 20:24:23
50992,148,19,2,260.99,521.98,2025-04-26 12:01:37
50993,109,14,3,301.36,904.08,2025-04-21 12:42:30
50994,170,3,9,493.47,4441.23,2025-04-23 14:11:05
50995,116,6,5,93.34,466.7,2025-04-19 04:15:12
50996,200,7,2,55.73,111.46,2025-04-20 19:32:14
50997,102,6,6,475.46,2852.76,2025-04-20 06:57:33
50998,111,20,6,12.25,73.5,2025-04-22 07:40:05
50999,177,6,9,386.09,3474.81,2025-04-23 15:18:46
51000,153,6,8,469.87,3758.96,2025-04-25 16:51:53
51001,114,17,2,107.74,215.48,2025-04-24 05:53:41
